country,as_name,ip,comment,as_num,first_seen,last_seen,b_date,ooni,b1,b2,b3,b4,b5,b6,b_snmp,snmp_sysdescr,snmp_date,rdns,rdns_date,denypage_title,denypage_title_date,denypage_mailto,denypage_mailto_date,denypage_hostname,denypage_hostname_date
AE,Emirates Integrated Telecommunications Company PJSC (EITC-DU),5.32.4.201,,15802,2017-11-24,2018-04-04,2018-04-04 14:57:01,TRUE,FALSE,FALSE,FALSE,FALSE,FALSE,FALSE,FALSE,,,,,,,,,,
AE,Emirates Integrated Telecommunications Company PJSC (EITC-DU),5.32.6.164,,15802,2017-11-24,2018-04-04,2018-04-04 15:23:20,TRUE,FALSE,FALSE,FALSE,FALSE,FALSE,FALSE,FALSE,,,,,,,,,,
AE,Emirates Integrated Telecommunications Company PJSC (EITC-DU),94.206.70.244,,15802,2017-08-31,2018-04-04,2018-04-04 15:54:25,TRUE,FALSE,FALSE,FALSE,FALSE,FALSE,FALSE,FALSE,,,,,,,,,,
AF,AFGHANTELECOM GOVERNMENT COMMUNICATION NETWORK,180.94.64.2,,55330,2017-08-31,2018-04-04,2018-04-04 15:45:39,FALSE,TRUE,TRUE,TRUE,TRUE,TRUE,FALSE,FALSE,Linux Kabul-NS-PS01 2.6.32-358.2.1.el6.x86_64 #1 SMP Wed Mar 13 00:26:49 UTC 2013 x86_64,2018-04-04 15:45:39,,,Access Denied,2017-08-31 15:35:42,,,http://180.94.64.2,2017-08-31 15:35:42
AF,AFGHANTELECOM GOVERNMENT COMMUNICATION NETWORK,180.94.64.6,,55330,2017-08-31,2018-04-04,2018-04-04 15:48:23,FALSE,TRUE,TRUE,TRUE,TRUE,TRUE,FALSE,FALSE,Linux Kabul-NS-PS02 2.6.32-358.2.1.el6.x86_64 #1 SMP Wed Mar 13 00:26:49 UTC 2013 x86_64,2018-04-04 15:48:23,,,Access Denied,2017-08-31 15:39:08,,,http://180.94.64.6,2017-08-31 15:39:08
AF,AFGHANTELECOM GOVERNMENT COMMUNICATION NETWORK,180.94.65.58,,55330,2017-08-31,2018-04-04,2018-04-04 15:39:19,FALSE,TRUE,TRUE,TRUE,TRUE,TRUE,FALSE,FALSE,Linux Mazar-NS-PS01 2.6.32-358.2.1.el6.x86_64 #1 SMP Wed Mar 13 00:26:49 UTC 2013 x86_64,2018-04-04 15:39:19,,,Access Denied,2017-08-31 15:15:55,,,http://180.94.65.58,2017-08-31 15:15:55
AF,AFGHANTELECOM GOVERNMENT COMMUNICATION NETWORK,180.94.69.170,,55330,2017-08-31,2018-04-04,2018-04-04 15:31:11,FALSE,TRUE,TRUE,TRUE,TRUE,TRUE,FALSE,FALSE,Linux Herat-NS-PS01 2.6.32-358.2.1.el6.x86_64 #1 SMP Wed Mar 13 00:26:49 UTC 2013 x86_64,2018-04-04 15:31:11,,,Access Denied,2017-08-31 15:43:57,,,http://180.94.69.170,2017-08-31 15:43:57
AF,AFGHANTELECOM GOVERNMENT COMMUNICATION NETWORK,180.94.76.2,,55330,2017-08-31,2018-04-04,2018-04-04 14:56:29,FALSE,TRUE,TRUE,TRUE,TRUE,TRUE,FALSE,FALSE,Linux Kandahar-NS-PS01 2.6.32-358.2.1.el6.x86_64 #1 SMP Wed Mar 13 00:26:49 UTC 2013 x86_64,2018-04-04 14:56:29,,,Access Denied,2017-08-31 15:17:51,,,http://180.94.76.2,2017-08-31 15:17:51
AF,AFGHANTELECOM GOVERNMENT COMMUNICATION NETWORK,180.94.78.110,,55330,2017-08-31,2018-04-04,2018-03-21 15:12:19,TRUE,TRUE,TRUE,TRUE,TRUE,TRUE,FALSE,FALSE,Linux NS-Deny-Page 2.6.32-358.2.1.el6.x86_64 #1 SMP Wed Mar 13 00:26:49 UTC 2013 x86_64,2018-04-04 15:52:44,,,Untitled document,2017-08-31 15:30:58,,,,
AF,AFGHANTELECOM GOVERNMENT COMMUNICATION NETWORK,180.94.80.162,,55330,2017-08-31,2018-04-04,2018-04-04 14:52:17,FALSE,TRUE,TRUE,TRUE,TRUE,TRUE,FALSE,FALSE,Linux Jalalabad-NS-PS01 2.6.32-358.2.1.el6.x86_64 #1 SMP Wed Mar 13 00:26:49 UTC 2013 x86_64,2018-04-04 14:52:17,,,Access Denied,2017-08-31 15:23:56,,,http://180.94.80.162,2017-08-31 15:23:56
AF,AFGHANTELECOM GOVERNMENT COMMUNICATION NETWORK,180.94.88.58,,55330,2017-08-31,2018-04-04,2018-04-04 15:59:14,FALSE,TRUE,TRUE,TRUE,TRUE,TRUE,FALSE,FALSE,Linux NS-WebAdmin 2.6.32-358.2.1.el6.x86_64 #1 SMP Wed Mar 13 00:26:49 UTC 2013 x86_64,2018-04-04 15:59:14,,,Access Denied,2017-08-31 15:11:18,,,http://180.94.88.58,2017-08-31 15:11:18
AF,AFGHANTELECOM GOVERNMENT COMMUNICATION NETWORK,180.94.88.62,,55330,2017-08-31,2018-04-04,2018-04-04 15:46:15,FALSE,TRUE,TRUE,TRUE,TRUE,TRUE,FALSE,FALSE,Linux NS-Reporter 2.6.32-358.2.1.el6.x86_64 #1 SMP Wed Mar 13 00:26:49 UTC 2013 x86_64,2018-04-04 15:46:15,,,Access Denied,2017-09-06 15:47:07,,,http://180.94.88.62,2017-09-06 15:47:07
AF,Etisalat Afghan,180.222.138.78,,131284,2017-08-31,2018-04-04,2018-02-21 15:06:31,TRUE,TRUE,TRUE,TRUE,TRUE,TRUE,FALSE,FALSE,,,,,Etisalat Afghanistan Web Filteration Voilation Alert,2017-08-31 15:11:02,,,,
AL,ABCOM Shpk,217.73.132.120,,21183,2018-02-07,2018-04-04,2018-04-04 15:32:44,FALSE,TRUE,FALSE,TRUE,TRUE,TRUE,TRUE,FALSE,Linux netsweeper.abcom.al 2.6.32-696.18.7.el6.x86_64 #1 SMP Thu Jan 4 17:31:22 UTC 2018 x86_64,2018-04-04 15:32:44,ptr.abcom.al,2018-02-07 15:23:28,Access Denied,2018-02-07 15:23:28,,,,
AR,Dattatec.com,200.58.117.211,,27823,2018-03-14,2018-04-04,2018-04-04 14:54:34,FALSE,FALSE,FALSE,FALSE,FALSE,FALSE,FALSE,FALSE,,,vps-1464597-x.dattaweb.com,2018-03-14 15:51:17,,,,,,
AU,AAPT Limited,59.100.174.66,,2764,2017-08-31,2018-04-04,2018-02-14 15:01:50,FALSE,TRUE,TRUE,TRUE,TRUE,TRUE,TRUE,FALSE,,,59-100-174-66.cust.static-ipl.aapt.com.au,2017-08-31 15:17:11,Access Denied,2017-08-31 15:17:11,,,http://filter2.wontoksecure.com,2017-08-31 15:17:11
AU,AAPT Limited,59.100.174.69,,2764,2017-08-31,2018-04-04,2018-04-04 15:10:06,FALSE,FALSE,FALSE,TRUE,TRUE,TRUE,TRUE,FALSE,,,59-100-174-69.cust.static-ipl.aapt.com.au,2017-08-31 15:20:49,Access Denied,2017-08-31 15:20:49,,,,
AU,"Amazon.com, Inc.",52.63.110.164,,16509,2017-08-31,2018-04-04,2018-04-04 15:05:04,FALSE,TRUE,TRUE,TRUE,TRUE,TRUE,TRUE,FALSE,Linux nsw01.syd01.stg.familyzone.com 2.6.32-642.1.1.el6.x86_64 #1 SMP Tue May 31 21:57:07 UTC 2016 x86_64,2018-04-04 15:05:04,ec2-52-63-110-164.ap-southeast-2.compute.amazonaws.com,2017-08-31 15:45:52,Access Denied,2017-08-31 15:45:52,,,,
AU,"Amazon.com, Inc.",52.65.147.240,,16509,2017-08-31,2018-04-04,2018-04-04 16:00:50,FALSE,TRUE,TRUE,TRUE,TRUE,TRUE,TRUE,FALSE,,,ec2-52-65-147-240.ap-southeast-2.compute.amazonaws.com,2017-08-31 15:35:28,Access Denied,2017-08-31 15:35:28,,,http://filter.bigpondsecurity.com,2017-08-31 15:35:28
AU,B.L NANKIVELL & R.G NANKIVELL T/A RBE INTERNET SERVICES,203.31.10.42,,10080,2017-08-31,2018-04-04,2018-04-04 15:39:39,FALSE,TRUE,TRUE,TRUE,TRUE,TRUE,TRUE,FALSE,,,203-31-10-42.yorke.net.au,2017-10-11 15:38:33,Access Denied,2017-08-31 15:24:23,support@webshield.net.au,2017-08-31 15:24:23,,
AU,B.L NANKIVELL & R.G NANKIVELL T/A RBE INTERNET SERVICES,203.31.10.43,,10080,2017-08-31,2018-04-04,2018-04-04 14:57:57,FALSE,TRUE,TRUE,TRUE,TRUE,TRUE,TRUE,FALSE,,,203-31-10-43.yorke.net.au,2017-10-11 15:16:39,Access Denied,2017-08-31 15:36:29,,,,
AU,Interactive Gateway Australia Pty. Ltd.,203.114.76.4,,134800,2017-11-08,2018-04-04,2018-04-04 14:54:46,FALSE,TRUE,FALSE,TRUE,TRUE,TRUE,TRUE,FALSE,,,,,Access Denied,2017-11-08 15:22:53,,,,
AU,Tasmanet Pty Ltd,203.33.128.208,,45158,2017-08-31,2018-04-04,2018-04-04 15:07:59,FALSE,TRUE,TRUE,TRUE,TRUE,TRUE,TRUE,FALSE,,,,,Access Denied,2017-08-31 15:11:29,,,http://203.33.128.208,2017-08-31 15:11:29
BH,Batelco,193.188.112.86,,5416,2017-08-31,2018-04-04,2018-04-04 15:46:30,TRUE,FALSE,FALSE,FALSE,FALSE,FALSE,FALSE,FALSE,,,,,,,,,,
BH,Etisalcom Bahrain Company W.L.L.,80.95.222.114,,35457,2017-08-31,2018-04-04,2018-04-04 15:21:40,FALSE,TRUE,TRUE,TRUE,TRUE,TRUE,FALSE,FALSE,Linux etisalcom_ps01 2.6.32-573.7.1.el6.x86_64 #1 SMP Tue Sep 22 22:00:00 UTC 2015 x86_64,2018-04-04 15:21:40,,,Access Denied,2017-08-31 15:22:33,,,,
BH,Etisalcom Bahrain Company W.L.L.,80.95.222.115,,35457,2017-08-31,2018-04-04,2018-04-04 15:56:34,FALSE,TRUE,TRUE,TRUE,TRUE,TRUE,FALSE,FALSE,Linux etisalcom_ps02 2.6.32-573.7.1.el6.x86_64 #1 SMP Tue Sep 22 22:00:00 UTC 2015 x86_64,2018-04-04 15:56:34,,,Access Denied,2017-08-31 15:11:42,,,,
BH,Kalaam Telecom Bahrain B.S.C.,87.236.52.38,,39273,2017-08-31,2018-04-04,2018-04-04 15:04:30,FALSE,TRUE,TRUE,TRUE,TRUE,TRUE,FALSE,FALSE,Linux kalaam-ps02 2.6.32-573.7.1.el6.x86_64 #1 SMP Tue Sep 22 22:00:00 UTC 2015 x86_64,2018-04-04 15:04:30,,,Access Denied,2017-08-31 15:16:02,,,,
BH,Mena Broadband Services WLL,188.116.227.226,,39015,2017-08-31,2018-04-04,2018-04-04 15:20:20,FALSE,TRUE,TRUE,TRUE,TRUE,TRUE,FALSE,FALSE,,,,,Access Denied,2017-08-31 15:30:49,,,,
BH,Northstar Technology Company W.L.L.,80.241.146.26,,35546,2017-08-31,2018-04-04,2018-03-21 15:50:16,FALSE,TRUE,TRUE,TRUE,TRUE,TRUE,FALSE,FALSE,Linux Northstar-PS01 2.6.32-696.3.2.el6.x86_64 #1 SMP Tue Jun 20 01:26:55 UTC 2017 x86_64,2018-04-04 15:50:04,,,Access Denied,2017-08-31 15:33:22,,,,
BH,Nuetel Communications S.P.C,87.236.136.186,,35568,2017-11-21,2018-04-04,2018-04-04 15:39:23,FALSE,TRUE,TRUE,TRUE,TRUE,TRUE,FALSE,FALSE,Linux nue-tel-server-ps01 2.6.32-573.7.1.el6.x86_64 #1 SMP Tue Sep 22 22:00:00 UTC 2015 x86_64,2018-04-04 15:39:23,,,Access Denied,2017-11-21 12:50:58,,,,
BH,Nuetel Communications S.P.C,87.236.136.187,,35568,2017-08-31,2018-04-04,2018-04-04 15:41:23,FALSE,TRUE,TRUE,TRUE,TRUE,TRUE,FALSE,FALSE,Linux nue-tel-server-ps02 2.6.32-573.7.1.el6.x86_64 #1 SMP Tue Sep 22 22:00:00 UTC 2015 x86_64,2018-04-04 15:41:23,,,Access Denied,2017-08-31 15:33:41,,,,
BH,Rapid Telecommunications W.L.L.,185.34.229.236,,62123,2017-08-31,2018-04-04,2018-04-04 15:22:08,FALSE,TRUE,TRUE,TRUE,TRUE,TRUE,FALSE,FALSE,Linux rapid-ps01 2.6.32-573.7.1.el6.x86_64 #1 SMP Tue Sep 22 22:00:00 UTC 2015 x86_64,2018-04-04 15:22:08,rev-185-34-229-236.rapid-telecom.net,2017-08-31 15:36:18,Access Denied,2017-08-31 15:36:18,,,,
BH,Rapid Telecommunications W.L.L.,185.34.229.237,,62123,2017-08-31,2018-04-04,2018-04-04 14:56:25,FALSE,TRUE,TRUE,TRUE,TRUE,TRUE,FALSE,FALSE,Linux rapid-ps02 2.6.32-573.7.1.el6.x86_64 #1 SMP Tue Sep 22 22:00:00 UTC 2015 x86_64,2018-04-04 14:56:25,rev-185-34-229-237.rapid-telecom.net,2017-08-31 15:16:44,Access Denied,2017-08-31 15:16:44,,,,
BH,ViaCloud WLL,87.252.99.246,,35729,2017-08-31,2018-04-04,2018-04-04 15:44:35,FALSE,TRUE,TRUE,TRUE,TRUE,TRUE,FALSE,FALSE,Linux localhost.localdomain 2.6.32-573.7.1.el6.x86_64 #1 SMP Tue Sep 22 22:00:00 UTC 2015 x86_64,2018-04-04 15:44:35,,,Access Denied,2017-08-31 15:10:52,,,,
BH,Zain Bahrain B.s.c.,109.161.148.250,,31452,2017-08-31,2018-04-04,2018-04-04 15:40:32,FALSE,TRUE,TRUE,TRUE,TRUE,TRUE,FALSE,FALSE,Linux zain-tmp-ps02 2.6.32-573.7.1.el6.x86_64 #1 SMP Tue Sep 22 22:00:00 UTC 2015 x86_64,2018-04-04 15:40:32,109-161-148-250.rev.bb.zain.com,2017-08-31 15:26:15,Access Denied,2017-08-31 15:26:15,,,,
BN,Progresif Cellular Sdn Bhd,103.42.208.103,,133788,2017-09-27,2018-04-04,2017-09-27 15:05:11,FALSE,TRUE,FALSE,TRUE,TRUE,TRUE,TRUE,FALSE,Linux localhost 2.6.32-696.3.2.el6.x86_64 #1 SMP Tue Jun 20 01:26:55 UTC 2017 x86_64,2018-04-04 15:05:55,,,Access Denied,2017-09-27 15:05:11,,,,
CA,Bell Canada,69.159.229.18,,577,2017-08-31,2018-04-04,2017-10-18 15:08:52,FALSE,TRUE,TRUE,TRUE,TRUE,TRUE,TRUE,FALSE,,,ktnron06-1168106770.sdsl.bell.ca,2017-08-31 15:35:57,Access Denied,2017-08-31 15:35:57,,,http://69.159.229.18,2017-08-31 15:35:57
CA,Cygnet Internet Services Inc,69.41.195.158,,29953,2017-08-31,2017-11-15,2017-09-27 15:35:33,FALSE,TRUE,FALSE,FALSE,TRUE,TRUE,TRUE,FALSE,,,host-158.horstwelding.com,2017-08-31 15:25:35,Access Denied,2017-09-27 15:35:33,,,,
CA,Cygnet Internet Services Inc,69.41.202.247,,29953,2017-09-06,2018-04-04,2018-04-04 15:38:24,FALSE,FALSE,FALSE,FALSE,FALSE,FALSE,FALSE,FALSE,,,milv-rb-1-202-247.nblk1.cyg.net,2017-09-06 15:58:06,,,,,,
CA,Cygnet Internet Services Inc,97.107.55.70,,29953,2017-08-31,2018-04-04,2018-04-04 15:06:57,FALSE,FALSE,FALSE,FALSE,FALSE,FALSE,FALSE,FALSE,,,c7-55-70.nblk2.cyg.net,2017-08-31 15:17:00,,,,,,
CA,"DigitalOcean, LLC",159.89.249.85,filled in asn info from bgp.he.net,202109,2018-03-14,2018-04-04,2018-04-04 15:17:28,FALSE,TRUE,FALSE,TRUE,TRUE,TRUE,FALSE,FALSE,,,,,Access Denied,2018-03-28 15:31:38,,,,
CA,Nova Scotia Department of Education,142.227.120.103,,23307,2017-08-31,2018-04-04,2018-04-04 15:18:49,FALSE,TRUE,TRUE,TRUE,TRUE,TRUE,TRUE,FALSE,,,netsweep.cbvrsb.ednet.ns.ca,2017-08-31 15:35:49,Access Denied,2017-08-31 15:35:49,,,,
CA,Nova Scotia Department of Education,142.227.120.111,,23307,2017-08-31,2018-04-04,2017-11-29 11:39:44,FALSE,TRUE,TRUE,TRUE,TRUE,TRUE,TRUE,FALSE,,,services-111.services.EDnet.NS.CA,2017-08-31 15:39:24,Access Denied,2017-08-31 15:39:24,,,,
CA,Nova Scotia Department of Education,142.227.156.20,,23307,2017-08-31,2018-04-04,2018-04-04 15:47:24,FALSE,TRUE,TRUE,TRUE,TRUE,TRUE,TRUE,FALSE,,,netsweeper.ccrsb.ca,2017-08-31 15:17:21,Access Denied,2017-09-06 15:46:41,,,,
CA,Nova Scotia Department of Education,142.227.156.36,,23307,2017-08-31,2018-04-04,2018-04-04 15:22:57,FALSE,FALSE,FALSE,FALSE,FALSE,FALSE,TRUE,FALSE,,,cec-36.cec.EDnet.NS.CA,2017-08-31 15:42:02,,,,,,
CA,Nova Scotia Department of Education,142.227.156.66,,23307,2017-09-26,2018-04-04,2018-04-04 15:10:15,FALSE,TRUE,TRUE,TRUE,TRUE,TRUE,TRUE,FALSE,,,cec-66.cec.EDnet.NS.CA,2017-09-26 10:38:40,Access Denied,2017-09-26 10:38:40,,,,
CA,Nova Scotia Department of Education,142.227.184.9,,23307,2017-08-31,2018-04-04,2018-04-04 15:48:06,FALSE,TRUE,TRUE,TRUE,TRUE,TRUE,TRUE,FALSE,,,,,Access Denied,2017-08-31 15:14:31,,,,
CA,Nova Scotia Department of Education,142.227.210.5,,23307,2017-08-31,2018-04-04,2018-04-04 15:40:28,FALSE,TRUE,TRUE,TRUE,TRUE,TRUE,TRUE,FALSE,,,,,Access Denied,2017-08-31 15:27:39,,,http://142.227.210.5,2017-08-31 15:27:39
CA,Nova Scotia Department of Education,142.227.27.231,,23307,2017-08-31,2017-08-31,2017-08-31 15:27:28,FALSE,FALSE,FALSE,FALSE,FALSE,FALSE,FALSE,FALSE,,,,,,,,,,
CA,Packetworks Inc.,206.174.180.12,,15024,2017-08-31,2018-04-04,2018-04-04 15:13:16,FALSE,FALSE,FALSE,FALSE,FALSE,FALSE,FALSE,FALSE,,,pkt.206.174.packetworks.net,2017-08-31 15:18:49,,,,,,
CA,Packetworks Inc.,206.174.180.23,,15024,2018-03-14,2018-04-04,2018-04-04 15:10:29,FALSE,TRUE,TRUE,TRUE,TRUE,TRUE,FALSE,FALSE,,,pkt.206.174.packetworks.net,2018-03-14 14:57:46,MWPOL Netsweeper Filtering,2018-03-14 14:57:46,,,,
CA,RCP,216.16.234.233,,14472,2017-08-31,2018-04-04,2018-02-14 15:10:55,FALSE,TRUE,TRUE,TRUE,TRUE,TRUE,FALSE,FALSE,,,mail.xfilter.ca,2017-08-31 15:20:27,Access Denied,2017-08-31 15:20:27,,,,
CA,RCP,216.16.234.235,,14472,2017-09-26,2018-04-04,2018-02-21 15:35:12,FALSE,TRUE,TRUE,TRUE,TRUE,TRUE,FALSE,FALSE,,,,,MWPOL Netsweeper Filtering,2017-09-26 10:39:21,,,,
CA,RCP,216.16.234.236,,14472,2017-09-26,2018-04-04,2018-04-04 15:57:27,FALSE,FALSE,FALSE,FALSE,FALSE,FALSE,FALSE,FALSE,,,,,,,,,,
CA,RCP,216.171.102.129,,14472,2017-10-18,2018-04-04,2018-04-04 15:10:58,FALSE,FALSE,FALSE,FALSE,FALSE,FALSE,FALSE,TRUE,Linux fw1.intranet 2.6.18-194.8.1.el5.netsw #1 SMP Thu Aug 5 10:24:39 EDT 2010 i686,2018-04-04 15:10:58,unallocated-static.rogers.com,2017-10-18 15:02:50,,,,,,
CA,RCP,216.171.102.131,,14472,2017-08-31,2018-04-04,2018-02-21 14:53:07,FALSE,TRUE,TRUE,TRUE,TRUE,TRUE,FALSE,FALSE,,,unallocated-static.rogers.com,2017-10-18 15:41:28,Access Denied,2017-08-31 15:33:54,,,http://216.171.102.131,2017-08-31 15:33:54
CA,RCP,216.171.102.132,,14472,2018-02-21,2018-02-21,2018-02-21 14:57:27,FALSE,FALSE,FALSE,FALSE,FALSE,FALSE,FALSE,TRUE,Linux fw1.intranet 2.6.18-194.8.1.el5.netsw #1 SMP Thu Aug 5 10:24:39 EDT 2010 i686,2018-02-21 14:57:27,unallocated-static.rogers.com,2018-02-21 14:57:27,,,,,,
CA,RCP,216.171.102.133,,14472,2017-09-26,2018-04-04,2018-04-04 14:58:52,FALSE,FALSE,TRUE,TRUE,TRUE,TRUE,FALSE,FALSE,,,unallocated-static.rogers.com,2017-10-18 14:57:30,Access Denied,2017-09-26 10:45:36,,,,
CA,RCP,216.171.102.135,,14472,2017-08-31,2018-04-04,2018-04-04 14:52:40,FALSE,FALSE,FALSE,FALSE,FALSE,FALSE,FALSE,TRUE,Linux fw1.intranet 2.6.18-194.8.1.el5.netsw #1 SMP Thu Aug 5 10:24:39 EDT 2010 i686,2018-04-04 14:52:40,unallocated-static.rogers.com,2017-10-18 15:25:40,,,,,,
CA,RCP,216.171.102.142,,14472,2017-08-31,2018-04-04,2018-04-04 15:27:07,FALSE,FALSE,FALSE,FALSE,FALSE,FALSE,FALSE,TRUE,Linux fw1.intranet 2.6.18-194.8.1.el5.netsw #1 SMP Thu Aug 5 10:24:39 EDT 2010 i686,2018-04-04 15:27:07,unallocated-static.rogers.com,2017-10-18 15:13:16,,,,,,
CA,RCP,216.171.102.144,,14472,2017-10-04,2018-04-04,2018-04-04 15:36:02,FALSE,TRUE,FALSE,TRUE,TRUE,TRUE,FALSE,FALSE,,,unallocated-static.rogers.com,2017-10-18 15:17:32,Access Denied,2017-10-04 15:24:11,,,,
CA,RCP,216.171.102.145,,14472,2017-08-31,2018-04-04,2018-02-21 15:24:42,FALSE,TRUE,TRUE,TRUE,TRUE,TRUE,FALSE,FALSE,,,unallocated-static.rogers.com,2017-10-18 15:29:57,Access Denied,2017-08-31 15:37:41,,,http://216.171.102.145,2017-08-31 15:37:41
CA,RCP,216.171.102.148,,14472,2017-08-31,2018-04-04,2018-04-04 15:18:42,FALSE,FALSE,FALSE,TRUE,TRUE,TRUE,FALSE,FALSE,,,unallocated-static.rogers.com,2017-10-18 15:05:30,Access Denied,2017-08-31 15:13:50,,,,
CA,RCP,216.171.102.156,,14472,2017-08-31,2018-04-04,2018-04-04 15:03:06,FALSE,TRUE,TRUE,TRUE,TRUE,TRUE,FALSE,FALSE,,,unallocated-static.rogers.com,2017-10-18 15:26:03,Access Denied,2017-08-31 15:40:59,,,,
CA,RCP,216.171.102.158,,14472,2017-08-31,2018-04-04,2018-02-21 15:43:47,FALSE,TRUE,TRUE,TRUE,TRUE,TRUE,FALSE,FALSE,,,unallocated-static.rogers.com,2017-10-18 15:45:47,Access Denied,2017-08-31 15:40:38,,,,
CA,RCP,216.171.102.161,,14472,2017-08-31,2018-04-04,2018-04-04 14:56:45,FALSE,FALSE,FALSE,FALSE,FALSE,FALSE,FALSE,TRUE,Linux fw1.intranet 2.6.18-194.8.1.el5.netsw #1 SMP Thu Aug 5 10:24:39 EDT 2010 i686,2018-04-04 14:56:45,unallocated-static.rogers.com,2017-10-25 15:45:29,,,,,,
CA,RCP,216.171.102.165,,14472,2017-08-31,2018-04-04,2018-04-04 15:26:41,FALSE,FALSE,FALSE,FALSE,FALSE,FALSE,FALSE,TRUE,Linux fw1.intranet 2.6.18-194.8.1.el5.netsw #1 SMP Thu Aug 5 10:24:39 EDT 2010 i686,2018-04-04 15:26:41,unallocated-static.rogers.com,2017-10-18 15:36:26,,,,,,
CA,RCP,216.171.102.167,,14472,2017-08-31,2018-03-28,2018-02-21 14:52:31,FALSE,TRUE,TRUE,TRUE,TRUE,TRUE,FALSE,FALSE,,,unallocated-static.rogers.com,2017-10-18 15:13:33,Access Denied,2017-08-31 15:23:29,,,,
CA,RCP,216.171.102.179,,14472,2017-09-07,2018-04-04,2018-04-04 15:09:07,FALSE,FALSE,FALSE,FALSE,FALSE,FALSE,FALSE,TRUE,Linux fw1.intranet 2.6.18-194.8.1.el5.netsw #1 SMP Thu Aug 5 10:24:39 EDT 2010 i686,2018-04-04 15:09:07,unallocated-static.rogers.com,2017-10-18 15:24:47,,,,,,
CA,RCP,216.171.102.180,,14472,2017-09-27,2018-04-04,2018-04-04 14:59:04,FALSE,FALSE,FALSE,FALSE,FALSE,FALSE,FALSE,TRUE,Linux fw1.intranet 2.6.18-194.8.1.el5.netsw #1 SMP Thu Aug 5 10:24:39 EDT 2010 i686,2018-04-04 14:59:04,unallocated-static.rogers.com,2017-10-18 15:26:40,,,,,,
CA,RCP,216.171.102.181,,14472,2017-08-31,2018-04-04,2018-04-04 15:45:58,FALSE,FALSE,FALSE,FALSE,FALSE,FALSE,FALSE,TRUE,Linux fw1.intranet 2.6.18-194.8.1.el5.netsw #1 SMP Thu Aug 5 10:24:39 EDT 2010 i686,2018-04-04 15:45:58,unallocated-static.rogers.com,2017-11-01 15:16:33,,,,,,
CA,RCP,216.171.102.182,,14472,2017-08-31,2018-04-04,2018-04-04 15:05:20,FALSE,FALSE,FALSE,FALSE,FALSE,FALSE,FALSE,TRUE,Linux fw1.intranet 2.6.18-194.8.1.el5.netsw #1 SMP Thu Aug 5 10:24:39 EDT 2010 i686,2018-04-04 15:05:20,unallocated-static.rogers.com,2017-10-25 15:18:19,,,,,,
CA,RCP,216.171.102.183,,14472,2017-08-31,2018-04-04,2018-04-04 15:07:39,FALSE,FALSE,FALSE,FALSE,FALSE,FALSE,FALSE,TRUE,Linux fw1.intranet 2.6.18-194.8.1.el5.netsw #1 SMP Thu Aug 5 10:24:39 EDT 2010 i686,2018-04-04 15:07:39,unallocated-static.rogers.com,2017-10-18 14:54:18,,,,,,
CA,RCP,216.171.102.184,,14472,2017-08-31,2018-04-04,2018-04-04 14:56:33,FALSE,FALSE,FALSE,FALSE,FALSE,FALSE,FALSE,TRUE,Linux fw1.intranet 2.6.18-194.8.1.el5.netsw #1 SMP Thu Aug 5 10:24:39 EDT 2010 i686,2018-04-04 14:56:33,unallocated-static.rogers.com,2017-11-28 12:12:53,,,,,,
CA,RCP,216.171.102.185,,14472,2017-09-07,2018-04-04,2018-04-04 15:59:14,FALSE,FALSE,FALSE,FALSE,FALSE,FALSE,FALSE,TRUE,Linux fw1.intranet 2.6.18-194.8.1.el5.netsw #1 SMP Thu Aug 5 10:24:39 EDT 2010 i686,2018-04-04 15:59:14,unallocated-static.rogers.com,2017-10-18 15:29:21,,,,,,
CA,RCP,216.171.102.186,,14472,2017-08-31,2018-04-04,2018-04-04 15:26:40,FALSE,FALSE,FALSE,FALSE,FALSE,FALSE,FALSE,TRUE,Linux fw1.intranet 2.6.18-194.8.1.el5.netsw #1 SMP Thu Aug 5 10:24:39 EDT 2010 i686,2018-04-04 15:26:40,unallocated-static.rogers.com,2017-10-18 15:44:37,,,,,,
CA,RCP,216.171.102.187,,14472,2017-08-31,2018-04-04,2018-04-04 15:25:41,FALSE,FALSE,FALSE,FALSE,FALSE,FALSE,FALSE,TRUE,Linux fw1.intranet 2.6.18-194.8.1.el5.netsw #1 SMP Thu Aug 5 10:24:39 EDT 2010 i686,2018-04-04 15:25:41,unallocated-static.rogers.com,2017-10-18 15:29:21,,,,,,
CA,RCP,216.171.102.188,,14472,2017-11-08,2018-04-04,2018-04-04 15:58:57,FALSE,FALSE,FALSE,FALSE,FALSE,FALSE,FALSE,TRUE,Linux fw1.intranet 2.6.18-194.8.1.el5.netsw #1 SMP Thu Aug 5 10:24:39 EDT 2010 i686,2018-04-04 15:58:57,unallocated-static.rogers.com,2017-11-08 15:12:37,,,,,,
CA,RCP,216.171.102.189,,14472,2017-08-31,2018-04-04,2018-04-04 15:22:58,FALSE,FALSE,FALSE,FALSE,FALSE,FALSE,FALSE,TRUE,Linux fw1.intranet 2.6.18-194.8.1.el5.netsw #1 SMP Thu Aug 5 10:24:39 EDT 2010 i686,2018-04-04 15:22:58,unallocated-static.rogers.com,2017-10-25 15:28:25,,,,,,
CA,RCP,216.171.96.54,,14472,2017-08-31,2018-04-04,2018-04-04 14:56:21,FALSE,FALSE,FALSE,FALSE,FALSE,FALSE,FALSE,TRUE,Linux fw1.intranet 2.6.18-194.8.1.el5.netsw #1 SMP Thu Aug 5 10:24:39 EDT 2010 i686,2018-04-04 14:56:21,unallocated-static.rogers.com,2017-10-18 15:33:46,,,,,,
CA,RCP,216.171.98.100,,14472,2017-08-31,2018-04-04,2018-04-04 15:03:18,FALSE,TRUE,FALSE,TRUE,TRUE,TRUE,FALSE,FALSE,,,100.64-26.98.171.216.in-addr.arpa,2017-08-31 15:32:06,Access Denied,2017-08-31 15:32:06,,,,
CA,RCP,216.171.98.101,,14472,2017-08-31,2018-04-04,2017-11-29 11:09:36,FALSE,TRUE,TRUE,TRUE,TRUE,TRUE,FALSE,TRUE,Linux demo 2.6.18-308.13.1.el5.netsw #1 SMP Mon Oct 1 09:15:16 EDT 2012 x86_64,2017-11-29 11:09:36,101.64-26.98.171.216.in-addr.arpa,2017-08-31 15:28:11,Access Denied,2017-08-31 15:28:11,,,http://216.171.98.101,2017-08-31 15:28:11
CA,RCP,216.171.98.102,,14472,2017-08-31,2018-04-04,2018-04-04 15:25:26,FALSE,TRUE,TRUE,TRUE,TRUE,TRUE,FALSE,FALSE,,,102.64-26.98.171.216.in-addr.arpa,2017-08-31 15:44:35,Access Denied,2017-08-31 15:44:35,,,http://216.171.98.102,2017-08-31 15:44:35
CA,RCP,216.171.98.105,,14472,2017-08-31,2018-04-04,2018-02-21 15:45:39,FALSE,TRUE,TRUE,TRUE,TRUE,TRUE,FALSE,FALSE,,,105.64-26.98.171.216.in-addr.arpa,2017-08-31 15:22:29,Access Denied,2017-08-31 15:22:29,,,http://216.171.98.105,2017-08-31 15:22:29
CA,RCP,216.171.98.106,,14472,2017-08-31,2018-04-04,2018-02-21 15:41:48,FALSE,TRUE,TRUE,TRUE,TRUE,TRUE,FALSE,FALSE,,,,,Access Denied,2017-08-31 15:44:47,,,,
CA,RCP,216.171.98.109,,14472,2017-08-31,2018-04-04,2018-04-04 15:14:22,FALSE,FALSE,FALSE,FALSE,FALSE,FALSE,FALSE,TRUE,Linux fw1.intranet 2.6.18-194.8.1.el5.netsw #1 SMP Thu Aug 5 10:24:39 EDT 2010 i686,2018-04-04 15:14:22,,,,,,,,
CA,RCP,216.171.98.110,,14472,2017-08-31,2018-04-04,2018-04-04 15:45:39,FALSE,FALSE,FALSE,FALSE,FALSE,FALSE,FALSE,TRUE,Linux fw1.intranet 2.6.18-194.8.1.el5.netsw #1 SMP Thu Aug 5 10:24:39 EDT 2010 i686,2018-04-04 15:45:39,,,,,,,,
CA,RCP,216.171.98.111,,14472,2017-08-31,2018-02-21,2018-02-21 14:53:08,FALSE,FALSE,FALSE,FALSE,FALSE,FALSE,FALSE,TRUE,Linux fw1.intranet 2.6.18-194.8.1.el5.netsw #1 SMP Thu Aug 5 10:24:39 EDT 2010 i686,2018-02-21 14:53:08,,,,,,,,
CA,RCP,216.171.98.112,,14472,2017-08-31,2018-04-04,2018-04-04 14:54:47,FALSE,FALSE,FALSE,FALSE,FALSE,FALSE,FALSE,TRUE,Linux fw1.intranet 2.6.18-194.8.1.el5.netsw #1 SMP Thu Aug 5 10:24:39 EDT 2010 i686,2018-04-04 14:54:47,,,,,,,,
CA,RCP,216.171.98.114,,14472,2017-08-31,2018-04-04,2018-04-04 15:42:07,FALSE,FALSE,FALSE,FALSE,FALSE,FALSE,FALSE,TRUE,Linux fw1.intranet 2.6.18-194.8.1.el5.netsw #1 SMP Thu Aug 5 10:24:39 EDT 2010 i686,2018-04-04 15:42:07,,,,,,,,
CA,RCP,216.171.98.115,,14472,2017-08-31,2018-04-04,2018-04-04 14:54:47,FALSE,FALSE,FALSE,FALSE,FALSE,FALSE,FALSE,TRUE,Linux fw1.intranet 2.6.18-194.8.1.el5.netsw #1 SMP Thu Aug 5 10:24:39 EDT 2010 i686,2018-04-04 14:54:47,,,,,,,,
CA,RCP,216.171.98.116,,14472,2017-08-31,2018-04-04,2018-04-04 15:56:20,FALSE,FALSE,FALSE,FALSE,FALSE,FALSE,FALSE,TRUE,Linux fw1.intranet 2.6.18-194.8.1.el5.netsw #1 SMP Thu Aug 5 10:24:39 EDT 2010 i686,2018-04-04 15:56:20,,,,,,,,
CA,RCP,216.171.98.119,,14472,2017-08-31,2018-04-04,2018-04-04 15:21:54,FALSE,FALSE,FALSE,FALSE,FALSE,FALSE,FALSE,TRUE,Linux fw1.intranet 2.6.18-194.8.1.el5.netsw #1 SMP Thu Aug 5 10:24:39 EDT 2010 i686,2018-04-04 15:21:54,119.64-26.98.171.216.in-addr.arpa,2017-08-31 15:43:40,,,,,,
CA,RCP,216.171.98.120,,14472,2017-08-31,2018-04-04,2018-04-04 15:31:07,FALSE,TRUE,FALSE,TRUE,TRUE,TRUE,FALSE,FALSE,,,,,Access Denied,2017-08-31 15:26:53,,,,
CA,RCP,216.171.98.122,,14472,2017-08-31,2018-04-04,2018-04-04 15:56:34,FALSE,FALSE,FALSE,FALSE,FALSE,FALSE,FALSE,TRUE,Linux fw1.intranet 2.6.18-194.8.1.el5.netsw #1 SMP Thu Aug 5 10:24:39 EDT 2010 i686,2018-04-04 15:56:34,122.64-26.98.171.216.in-addr.arpa,2017-08-31 15:11:11,,,,,,
CA,RCP,216.171.98.65,,14472,2017-08-31,2018-04-04,2018-04-04 15:22:20,FALSE,TRUE,FALSE,TRUE,TRUE,TRUE,FALSE,FALSE,,,,,Access Denied,2017-08-31 15:16:26,,,http://216.171.98.65,2017-08-31 15:16:26
CA,RCP,216.171.98.71,,14472,2017-08-31,2018-04-04,2018-04-04 15:44:40,FALSE,FALSE,FALSE,FALSE,FALSE,FALSE,FALSE,TRUE,Linux fw1.intranet 2.6.18-194.8.1.el5.netsw #1 SMP Thu Aug 5 10:24:39 EDT 2010 i686,2018-04-04 15:44:40,,,,,,,,
CA,RCP,216.171.98.72,,14472,2017-08-31,2018-04-04,2018-04-04 15:47:06,FALSE,FALSE,FALSE,FALSE,FALSE,FALSE,FALSE,TRUE,Linux fw1.intranet 2.6.18-194.8.1.el5.netsw #1 SMP Thu Aug 5 10:24:39 EDT 2010 i686,2018-04-04 15:47:06,72.64-26.98.171.216.in-addr.arpa,2017-08-31 15:15:44,,,,,,
CA,RCP,216.171.98.73,,14472,2017-08-31,2018-03-21,2018-03-21 15:55:35,FALSE,FALSE,FALSE,FALSE,FALSE,FALSE,FALSE,TRUE,Linux fw1.intranet 2.6.18-194.8.1.el5.netsw #1 SMP Thu Aug 5 10:24:39 EDT 2010 i686,2018-03-21 15:55:35,,,,,,,,
CA,RCP,216.171.98.74,,14472,2017-08-31,2017-10-04,2017-10-04 15:17:40,FALSE,TRUE,FALSE,FALSE,FALSE,FALSE,FALSE,FALSE,,,,,,,,,,
CA,RCP,216.171.98.77,,14472,2017-08-31,2018-04-04,2018-04-04 15:05:55,FALSE,FALSE,FALSE,FALSE,FALSE,FALSE,FALSE,TRUE,Linux fw1.intranet 2.6.18-194.8.1.el5.netsw #1 SMP Thu Aug 5 10:24:39 EDT 2010 i686,2018-04-04 15:05:55,,,,,,,,
CA,RCP,216.171.98.78,,14472,2017-09-27,2018-04-04,2018-04-04 15:38:27,FALSE,FALSE,FALSE,FALSE,FALSE,FALSE,FALSE,TRUE,Linux fw1.intranet 2.6.18-194.8.1.el5.netsw #1 SMP Thu Aug 5 10:24:39 EDT 2010 i686,2018-04-04 15:38:27,78.64-26.98.171.216.in-addr.arpa,2017-09-27 15:23:58,,,,,,
CA,RCP,216.171.98.82,,14472,2017-09-07,2018-04-04,2018-04-04 15:31:11,FALSE,FALSE,FALSE,FALSE,FALSE,FALSE,FALSE,TRUE,Linux fw1.intranet 2.6.18-194.8.1.el5.netsw #1 SMP Thu Aug 5 10:24:39 EDT 2010 i686,2018-04-04 15:31:11,82.64-26.98.171.216.in-addr.arpa,2017-09-07 15:27:55,,,,,,
CA,RCP,216.171.98.86,,14472,2017-08-31,2018-04-04,2018-02-21 15:34:33,FALSE,TRUE,TRUE,TRUE,TRUE,TRUE,FALSE,FALSE,,,,,Access Denied,2017-08-31 15:22:51,,,,
CA,RCP,216.171.98.87,,14472,2017-08-31,2018-04-04,2018-04-04 15:05:00,FALSE,FALSE,FALSE,FALSE,FALSE,FALSE,FALSE,TRUE,Linux fw1.intranet 2.6.18-194.8.1.el5.netsw #1 SMP Thu Aug 5 10:24:39 EDT 2010 i686,2018-04-04 15:05:00,87.64-26.98.171.216.in-addr.arpa,2017-08-31 15:26:05,,,,,,
CA,RCP,216.171.98.89,,14472,2017-11-21,2018-04-04,2018-04-04 15:57:30,FALSE,FALSE,FALSE,FALSE,FALSE,FALSE,FALSE,TRUE,Linux fw1.intranet 2.6.18-194.8.1.el5.netsw #1 SMP Thu Aug 5 10:24:39 EDT 2010 i686,2018-04-04 15:57:30,,,,,,,,
CA,RCP,216.171.98.90,,14472,2017-08-31,2018-04-04,2018-04-04 15:18:30,FALSE,FALSE,FALSE,FALSE,FALSE,FALSE,FALSE,TRUE,Linux fw1.intranet 2.6.18-194.8.1.el5.netsw #1 SMP Thu Aug 5 10:24:39 EDT 2010 i686,2018-04-04 15:18:30,,,,,,,,
CA,RCP,216.171.98.91,,14472,2017-08-31,2018-04-04,2018-04-04 15:16:50,FALSE,FALSE,FALSE,FALSE,FALSE,FALSE,FALSE,TRUE,Linux fw1.intranet 2.6.18-194.8.1.el5.netsw #1 SMP Thu Aug 5 10:24:39 EDT 2010 i686,2018-04-04 15:16:50,,,,,,,,
CA,RCP,216.171.98.92,,14472,2017-08-31,2018-03-14,2018-02-21 15:04:20,FALSE,TRUE,TRUE,TRUE,TRUE,TRUE,FALSE,FALSE,,,,,Access Denied,2017-08-31 15:42:36,,,,
CA,RCP,216.171.98.94,,14472,2017-08-31,2018-04-04,2018-04-04 15:16:50,FALSE,FALSE,FALSE,FALSE,FALSE,FALSE,FALSE,TRUE,Linux fw1.intranet 2.6.18-194.8.1.el5.netsw #1 SMP Thu Aug 5 10:24:39 EDT 2010 i686,2018-04-04 15:16:50,,,,,,,,
CA,RCP,216.171.98.95,,14472,2017-08-31,2018-04-04,2018-04-04 15:20:30,FALSE,FALSE,FALSE,FALSE,FALSE,FALSE,FALSE,TRUE,Linux fw1.intranet 2.6.18-194.8.1.el5.netsw #1 SMP Thu Aug 5 10:24:39 EDT 2010 i686,2018-04-04 15:20:30,,,,,,,,
CA,RCP,216.171.98.96,,14472,2017-08-31,2018-04-04,2018-04-04 15:21:57,FALSE,FALSE,FALSE,FALSE,FALSE,FALSE,FALSE,TRUE,Linux fw1.intranet 2.6.18-194.8.1.el5.netsw #1 SMP Thu Aug 5 10:24:39 EDT 2010 i686,2018-04-04 15:21:57,,,,,,,,
CA,RCP,216.171.98.99,,14472,2017-09-26,2018-04-04,2017-11-21 12:57:00,FALSE,TRUE,FALSE,TRUE,TRUE,TRUE,FALSE,FALSE,,,99.64-26.98.171.216.in-addr.arpa,2017-09-26 10:39:46,Access Denied,2017-09-26 10:39:46,,,,
CA,Rogers Cable Communications Inc.,216.254.158.211,,812,2017-08-31,2018-04-04,2018-04-04 15:12:26,FALSE,FALSE,FALSE,FALSE,FALSE,FALSE,FALSE,FALSE,,,ftgalaw.com,2017-08-31 15:30:28,,,,,,
CA,Rogers Cable Communications Inc.,72.143.37.218,,812,2017-08-31,2017-11-08,2017-11-08 15:28:21,FALSE,FALSE,FALSE,FALSE,FALSE,FALSE,FALSE,FALSE,,,unallocated-static.rogers.com,2017-08-31 15:20:57,,,,,,
CA,Wightman Telecom,216.110.234.47,,29974,2017-09-26,2018-04-04,2018-04-04 15:56:19,FALSE,FALSE,FALSE,FALSE,FALSE,FALSE,FALSE,FALSE,,,remote.gomidas.ca,2017-09-26 10:58:43,,,,,,
CO,Colombia,200.93.174.25,,19429,2018-02-21,2018-04-04,2018-03-21 15:24:23,FALSE,TRUE,FALSE,TRUE,TRUE,TRUE,TRUE,FALSE,Linux static-200-75-51-142.static.etb.net.co 2.6.32-696.3.2.el6.x86_64 #1 SMP Tue Jun 20 01:26:55 UTC 2017 x86_64,2018-03-21 15:24:23,static-200-93-174-25.static.etb.net.co,2018-03-14 14:57:22,Access Denied,2018-02-21 15:09:23,,,,
CY,Cyprus Telecommunications Authority,195.14.157.148,,6866,2017-08-31,2018-04-04,2018-04-04 15:55:57,FALSE,TRUE,TRUE,TRUE,TRUE,TRUE,FALSE,FALSE,,,,,Access Denied,2017-08-31 15:15:12,,,http://195.14.157.148,2017-08-31 15:15:12
CY,Cyprus Telecommunications Authority,195.14.157.149,,6866,2017-08-31,2018-04-04,2018-04-04 15:47:05,FALSE,TRUE,TRUE,TRUE,TRUE,TRUE,FALSE,FALSE,,,,,Safe Internet,2017-08-31 15:33:11,,,,
CY,Cyprus Telecommunications Authority,195.14.157.150,,6866,2017-08-31,2018-04-04,2018-04-04 15:44:25,FALSE,TRUE,TRUE,TRUE,TRUE,TRUE,FALSE,FALSE,,,,,Access Denied,2017-08-31 15:42:16,,,http://195.14.157.150,2017-08-31 15:42:16
DE,"Amazon.com, Inc.",35.158.28.51,,16509,2017-08-31,2018-04-04,2018-01-31 15:10:11,FALSE,TRUE,TRUE,TRUE,TRUE,TRUE,FALSE,FALSE,,,ec2-35-158-28-51.eu-central-1.compute.amazonaws.com,2017-08-31 15:17:38,Access Denied,2017-08-31 15:17:38,,,,
DM,Digicel Jamaica,199.127.197.73,,33576,2017-09-26,2018-04-04,2018-04-04 15:45:34,FALSE,FALSE,FALSE,FALSE,FALSE,FALSE,FALSE,FALSE,,,,,,,,,,
GB,Atomwide Limited,185.182.200.8,,206576,2017-08-31,2017-11-21,2017-11-21 13:07:46,FALSE,FALSE,FALSE,FALSE,FALSE,FALSE,FALSE,FALSE,,,,,,,,,,
GB,British Telecommunications PLC,81.133.4.61,,2856,2017-09-26,2018-04-04,2018-03-14 15:42:43,FALSE,FALSE,FALSE,TRUE,TRUE,TRUE,FALSE,FALSE,,,mail.love-data.com,2017-09-26 11:02:54,bruce1&nbsp;-&nbsp;Synology&nbsp;DiskStation,2017-11-08 15:28:53,,,,
GB,Capital Bytes Ltd,185.156.196.57,,206248,2017-08-31,2018-04-04,2018-04-04 14:52:36,FALSE,TRUE,TRUE,TRUE,TRUE,TRUE,FALSE,FALSE,,,,,Untitled document,2017-08-31 15:36:05,,,,
GB,"Digital Ocean, Inc.",138.68.143.222,,14061,2018-01-31,2018-04-04,2018-04-04 15:42:35,FALSE,TRUE,FALSE,TRUE,TRUE,TRUE,FALSE,FALSE,,,proxy5.ukcloud.netsweeper.com,2018-01-31 15:21:48,Access Denied,2018-01-31 15:21:48,,,,
GB,"Digital Ocean, Inc.",178.62.24.172,,14061,2018-02-07,2018-04-04,2018-04-04 15:46:11,FALSE,TRUE,FALSE,TRUE,TRUE,TRUE,FALSE,TRUE,Linux rep1ukcloud.netsweeper.com 2.6.32-696.20.1.el6.x86_64 #1 SMP Fri Jan 26 17:51:45 UTC 2018 x86_64,2018-04-04 15:46:11,rep1ukcloud.netsweeper.com,2018-02-07 15:33:51,Access Denied,2018-02-07 15:33:51,,,,
GB,"Digital Ocean, Inc.",178.62.50.16,,14061,2018-02-07,2018-04-04,2018-04-04 15:05:18,FALSE,TRUE,FALSE,TRUE,TRUE,TRUE,FALSE,FALSE,,,proxy4.ukcloud.netsweeper.com,2018-02-07 15:47:07,Access Denied,2018-02-07 15:47:07,,,,
GB,"Digital Ocean, Inc.",188.166.144.129,,14061,2017-08-31,2018-04-04,2018-01-24 15:23:11,FALSE,TRUE,TRUE,TRUE,TRUE,TRUE,FALSE,FALSE,,,ukcloud.netsweeper.com,2017-08-31 15:26:04,Untitled document,2017-08-31 15:26:04,,,,
GB,"Digital Ocean, Inc.",188.166.146.241,,14061,2017-08-31,2018-02-21,2018-02-21 15:47:14,FALSE,FALSE,FALSE,TRUE,TRUE,TRUE,FALSE,FALSE,,,proxy2.ukcloud.netsweeper.com,2017-08-31 15:31:54,Untitled document,2017-08-31 15:31:54,,,,
GB,"Digital Ocean, Inc.",188.166.146.59,,14061,2017-08-31,2018-02-21,2018-02-21 14:52:19,FALSE,FALSE,FALSE,TRUE,TRUE,TRUE,FALSE,FALSE,,,proxy1.ukcloud.netsweeper.com,2017-08-31 15:45:47,Untitled document,2017-08-31 15:45:47,,,,
GB,"Digital Ocean, Inc.",46.101.16.88,,14061,2018-01-11,2018-04-04,2018-04-04 15:53:39,FALSE,TRUE,FALSE,TRUE,TRUE,TRUE,FALSE,FALSE,,,proxy3.ukcloud.netsweeper.com,2018-01-11 17:03:37,Access Denied,2018-01-11 17:03:37,,,,
GB,"Digital Ocean, Inc.",46.101.53.58,,14061,2017-08-31,2018-04-04,2018-01-31 15:52:09,FALSE,TRUE,TRUE,TRUE,TRUE,TRUE,TRUE,TRUE,Linux arkukcloud.netsweeper.com 2.6.32-696.3.2.el6.x86_64 #1 SMP Tue Jun 20 01:26:55 UTC 2017 x86_64,2018-01-31 15:52:09,ark.ukcloud.netsweeper.com,2017-08-31 15:26:17,Access Denied,2017-08-31 15:26:17,,,,
GB,"Digital Ocean, Inc.",46.101.56.75,,14061,2017-09-26,2018-04-04,2018-02-07 15:07:33,FALSE,TRUE,FALSE,TRUE,TRUE,TRUE,FALSE,TRUE,Linux gre1.ukcloud.netsweeper.com 2.6.32-696.10.1.el6.x86_64 #1 SMP Tue Aug 22 18:51:35 UTC 2017 x86_64,2018-02-21 15:27:59,gre1.ukcloud.netsweeper.com,2017-09-26 10:28:12,Untitled document,2017-09-26 10:28:12,,,,
GB,"Digital Ocean, Inc.",46.101.92.208,,14061,2018-01-11,2018-02-14,2018-01-11 17:26:49,FALSE,TRUE,FALSE,TRUE,TRUE,TRUE,FALSE,FALSE,,,proxy4.ukcloud.netsweeper.com,2018-01-11 17:26:49,Access Denied,2018-01-11 17:26:49,,,,
GB,emPSN Services Limited,93.93.221.116,,44369,2017-08-31,2018-04-04,2018-04-04 15:09:43,FALSE,TRUE,FALSE,TRUE,TRUE,TRUE,FALSE,FALSE,,,proxy10.ukcloud.netsweeper.com,2017-08-31 15:15:44,Access Denied,2017-08-31 15:15:44,,,,
GB,emPSN Services Limited,93.93.221.117,,44369,2017-08-31,2018-04-04,2018-04-04 14:57:32,FALSE,TRUE,TRUE,TRUE,TRUE,TRUE,FALSE,FALSE,,,proxy11.ukcloud.netsweeper.com,2017-08-31 15:45:11,Access Denied,2017-08-31 15:45:11,,,,
GB,emPSN Services Limited,93.93.223.184,,44369,2017-08-31,2018-04-04,2017-09-07 15:12:27,FALSE,TRUE,TRUE,TRUE,TRUE,TRUE,TRUE,FALSE,Linux ns-04.empsn.esafety4.com 2.6.32-696.3.2.el6.x86_64 #1 SMP Tue Jun 20 01:26:55 UTC 2017 x86_64,2018-04-04 15:38:26,no-reverse-defined.empsn.org.uk,2017-08-31 15:21:45,Access Denied,2017-08-31 15:21:45,,,http://93.93.223.184,2017-08-31 15:21:45
GB,emPSN Services Limited,93.93.223.185,,44369,2017-08-31,2018-04-04,2018-03-28 15:41:14,FALSE,TRUE,TRUE,TRUE,TRUE,TRUE,FALSE,FALSE,Linux oh-ns-01.empsn.esafety4.com 2.6.32-696.3.2.el6.x86_64 #1 SMP Tue Jun 20 01:26:55 UTC 2017 x86_64,2018-04-04 15:13:19,no-reverse-defined.empsn.org.uk,2017-08-31 15:17:46,Access Denied,2017-08-31 15:17:46,,,,
GB,emPSN Services Limited,93.93.223.186,,44369,2017-08-31,2018-04-04,2018-03-28 15:17:39,FALSE,TRUE,TRUE,TRUE,TRUE,TRUE,FALSE,FALSE,Linux oh-ns-02.empsn.esafety4.com 2.6.32-696.3.2.el6.x86_64 #1 SMP Tue Jun 20 01:26:55 UTC 2017 x86_64,2018-04-04 15:09:14,no-reverse-defined.empsn.org.uk,2017-08-31 15:10:32,Access Denied,2017-08-31 15:10:32,,,http://93.93.223.186,2017-08-31 15:10:32
GB,emPSN Services Limited,93.93.223.187,,44369,2017-09-26,2018-04-04,2018-04-04 15:31:47,FALSE,TRUE,FALSE,TRUE,TRUE,TRUE,FALSE,FALSE,Linux ns-01.empsn.esafety4.com 2.6.32-696.3.2.el6.x86_64 #1 SMP Tue Jun 20 01:26:55 UTC 2017 x86_64,2018-04-04 15:31:47,no-reverse-defined.empsn.org.uk,2017-09-26 10:39:34,Access Denied,2017-09-26 10:39:34,,,,
GB,emPSN Services Limited,93.93.223.188,,44369,2017-09-26,2018-04-04,2018-04-04 15:10:33,FALSE,TRUE,FALSE,TRUE,TRUE,TRUE,FALSE,FALSE,Linux ns-02.empsn.esafety4.com 2.6.32-696.3.2.el6.x86_64 #1 SMP Tue Jun 20 01:26:55 UTC 2017 x86_64,2018-04-04 15:10:33,ncs188.empsn.capitalbytes.com,2017-09-26 11:12:23,Access Denied,2017-09-26 11:12:23,,,,
GB,emPSN Services Limited,93.93.223.189,,44369,2017-09-26,2018-04-04,2018-04-04 14:52:28,FALSE,TRUE,FALSE,TRUE,TRUE,TRUE,FALSE,FALSE,Linux ns-03.empsn.esafety4.com 2.6.32-696.3.2.el6.x86_64 #1 SMP Tue Jun 20 01:26:55 UTC 2017 x86_64,2018-04-04 14:52:28,ncs189.empsn.capitalbytes.com,2017-09-26 10:50:10,Access Denied,2017-09-26 10:50:10,,,,
GB,emPSN Services Limited,93.93.223.190,,44369,2017-09-27,2018-04-04,2018-04-04 15:02:54,FALSE,FALSE,FALSE,FALSE,FALSE,FALSE,FALSE,FALSE,,,no-reverse-defined.empsn.org.uk,2017-09-27 15:38:07,,,,,,
GB,Gamma Telecom Holdings Ltd,213.218.197.154,,31655,2018-01-11,2018-04-04,2018-04-04 15:00:25,FALSE,FALSE,FALSE,FALSE,FALSE,FALSE,FALSE,FALSE,,,mail02.ibt.uk.com,2018-01-11 16:48:04,,,,,,
GB,intY Ltd,195.90.96.50,,39152,2017-08-31,2018-03-28,2018-02-21 15:52:04,FALSE,TRUE,TRUE,TRUE,TRUE,TRUE,TRUE,TRUE,Linux cns01.la.inty.net 2.6.18-194.el5.netsw #1 SMP Tue Mar 1 17:22:54 EST 2011 x86_64,2018-02-21 15:52:04,cns01.la.inty.net,2017-08-31 15:21:59,Access Denied,2017-08-31 15:21:59,,,http://195.90.96.50,2017-08-31 15:21:59
GB,Jisc Services Limited,195.194.1.30,,786,2017-08-31,2018-04-04,2018-04-04 15:08:18,FALSE,TRUE,TRUE,TRUE,TRUE,TRUE,FALSE,FALSE,,,,,Access Denied,2017-08-31 15:31:41,filtering@lea.walsallgfl.org.uk,2017-08-31 15:31:41,,
GB,Jump Networks Ltd,185.73.44.178,,8943,2018-03-28,2018-04-04,2018-04-04 15:55:30,FALSE,FALSE,FALSE,FALSE,FALSE,FALSE,FALSE,FALSE,,,,,,,,,,
GB,Jump Networks Ltd,185.73.44.180,,8943,2018-03-28,2018-04-04,2018-04-04 15:44:11,FALSE,FALSE,FALSE,FALSE,FALSE,FALSE,FALSE,FALSE,,,,,,,,,,
GB,Kcom Group Plc,82.153.237.125,,12513,2017-08-31,2017-09-27,2017-09-27 15:14:20,FALSE,FALSE,FALSE,FALSE,FALSE,FALSE,FALSE,FALSE,,,,,,,,,,
GB,London Grid for Learning Trust,5.150.105.2,,60187,2018-01-24,2018-04-04,2018-04-04 15:16:43,TRUE,FALSE,FALSE,FALSE,FALSE,FALSE,FALSE,FALSE,,,,,,,,,,
GB,M247 Ltd,217.64.123.149,,9009,2018-03-14,2018-03-14,2018-03-14 15:22:29,FALSE,FALSE,FALSE,FALSE,FALSE,FALSE,FALSE,FALSE,,,georgek.ctl.go4adsl.net,2018-03-14 15:22:29,,,,,,
GB,M247 Ltd,84.39.116.131,,9009,2017-08-31,2018-04-04,2018-04-04 15:56:22,FALSE,TRUE,TRUE,TRUE,TRUE,TRUE,TRUE,TRUE,Linux filter1.lon5.uk.m247.com 2.6.18-308.13.1.el5.netsw #1 SMP Mon Oct 1 09:15:16 EDT 2012 x86_64,2018-04-04 15:56:22,filter1.lon5.uk.m247.com,2017-08-31 15:36:32,Access Denied,2017-08-31 15:36:32,,,,
GB,M247 Ltd,84.39.116.59,,9009,2017-08-31,2018-04-04,2018-04-04 15:41:16,FALSE,TRUE,TRUE,TRUE,TRUE,TRUE,TRUE,TRUE,Linux netsweeper-mgmt.man4.uk.m247.com 2.6.18-308.13.1.el5.netsw #1 SMP Mon Oct 1 09:15:16 EDT 2012 x86_64,2018-04-04 15:41:16,netsweeper-mgmt.man4.uk.m247.com,2017-08-31 15:21:03,Access Denied,2017-08-31 15:21:03,,,http://84.39.116.59,2017-08-31 15:21:03
GB,M247 Ltd,89.238.148.22,,9009,2017-08-31,2018-04-04,2018-04-04 15:05:19,FALSE,TRUE,TRUE,TRUE,TRUE,TRUE,FALSE,TRUE,Linux filter.wellington.trafford.sch.uk 2.6.18-308.13.1.el5.netsw #1 SMP Mon Oct 1 09:15:16 EDT 2012 x86_64,2018-04-04 15:05:19,,,Access Denied,2017-08-31 15:42:18,,,http://89.238.148.22,2017-08-31 15:42:18
GB,M247 Ltd,77.243.182.131,geoip filled from iplocation.net,9009,2017-08-31,2018-04-04,2018-04-04 15:36:18,FALSE,TRUE,TRUE,TRUE,TRUE,TRUE,TRUE,TRUE,Linux filter1.lon7.uk.m247.com 2.6.18-308.13.1.el5.netsw #1 SMP Mon Oct 1 09:15:16 EDT 2012 x86_64,2018-04-04 15:36:18,filter1.lon7.uk.m247.com,2017-08-31 15:10:10,Access Denied,2017-08-31 15:10:10,,,http://77.243.182.131,2017-08-31 15:10:10
GB,Oakford Internet Services Ltd,185.28.90.237,,206999,2017-08-31,2018-04-04,2017-10-18 15:02:49,FALSE,TRUE,TRUE,TRUE,TRUE,TRUE,FALSE,FALSE,,,,,Access Denied - Oakford Internet Services,2017-08-31 15:19:45,,,,
GB,Oakford Internet Services Ltd,185.28.90.238,,206999,2017-08-31,2018-04-04,2017-10-18 15:38:05,FALSE,TRUE,TRUE,TRUE,TRUE,TRUE,FALSE,FALSE,,,,,Access Denied - Oakford Internet Services,2017-08-31 15:41:12,,,,
GB,Origin Broadband Limited,145.255.241.142,,60257,2017-09-06,2018-04-04,2018-04-04 15:03:19,FALSE,FALSE,FALSE,FALSE,FALSE,FALSE,TRUE,FALSE,Linux filtering.garthhillcollege.com 2.6.32-696.3.2.el6.x86_64 #1 SMP Tue Jun 20 01:26:55 UTC 2017 x86_64,2018-04-04 15:03:19,ghc142.garthhillcollege.com,2017-09-06 16:13:15,,,,,,
GB,Talk Internet Limited,80.74.241.141,,44611,2017-08-31,2018-04-04,2018-04-04 15:20:10,FALSE,TRUE,TRUE,TRUE,TRUE,TRUE,FALSE,FALSE,,,filter.talk-101.com,2017-08-31 15:16:39,Untitled document,2017-08-31 15:16:39,,,,
GB,Talk Internet Limited,80.74.241.142,,44611,2017-08-31,2018-04-04,2018-04-04 15:14:10,FALSE,TRUE,TRUE,TRUE,TRUE,TRUE,FALSE,FALSE,,,ns1.p-server.eu,2017-08-31 15:31:28,Untitled document,2017-08-31 15:31:28,,,,
GB,Talk Straight Ltd.,176.126.227.20,,199335,2018-01-11,2018-03-14,2018-02-21 15:30:23,FALSE,TRUE,TRUE,TRUE,TRUE,TRUE,TRUE,FALSE,Linux inlineproxy.schoolsbroadband.net 2.6.32-642.4.2.el6.x86_64 #1 SMP Tue Aug 23 19:58:13 UTC 2016 x86_64,2018-02-21 15:30:23,,,Access Denied,2018-02-21 15:30:23,,,,
GB,Talk Straight Ltd.,176.126.227.22,,199335,2017-10-25,2018-04-04,2017-11-29 11:11:51,FALSE,TRUE,TRUE,TRUE,TRUE,TRUE,TRUE,FALSE,Linux robnsw.talk-straight.com 2.6.32-642.4.2.el6.x86_64 #1 SMP Tue Aug 23 19:58:13 UTC 2016 x86_64,2018-01-11 17:13:30,,,Access Denied,2017-10-25 14:59:55,,,,
GB,Talk Straight Ltd.,85.92.168.120,,199335,2017-08-31,2018-04-04,2018-01-31 15:21:35,FALSE,TRUE,FALSE,TRUE,TRUE,TRUE,FALSE,FALSE,Linux webadmin1.schoolsbroadband.net 2.6.32-696.3.2.el6.x86_64 #1 SMP Tue Jun 20 01:26:55 UTC 2017 x86_64,2018-04-04 14:52:09,,,Access Denied,2017-08-31 15:23:01,,,,
GB,Talk Straight Ltd.,85.92.168.121,,199335,2017-08-31,2018-04-04,2018-04-04 14:52:11,FALSE,TRUE,FALSE,TRUE,TRUE,TRUE,FALSE,FALSE,Linux webadmin2.schoolsbroadband.net 2.6.32-696.3.2.el6.x86_64 #1 SMP Tue Jun 20 01:26:55 UTC 2017 x86_64,2018-04-04 14:52:11,,,Access Denied,2017-08-31 15:30:51,,,,
GB,Talk Straight Ltd.,85.92.168.122,,199335,2017-08-31,2018-04-04,2018-04-04 14:52:13,FALSE,TRUE,FALSE,TRUE,TRUE,TRUE,FALSE,FALSE,Linux webadmin2.schoolsbroadband.net 2.6.32-696.3.2.el6.x86_64 #1 SMP Tue Jun 20 01:26:55 UTC 2017 x86_64,2018-04-04 14:52:13,,,Untitled document,2017-11-08 14:57:37,,,,
GB,Talk Straight Ltd.,85.92.168.123,,199335,2017-08-31,2018-04-04,2018-04-04 15:08:02,FALSE,TRUE,TRUE,TRUE,TRUE,TRUE,TRUE,FALSE,Linux localhost.localdomain 2.6.32-642.4.2.el6.x86_64 #1 SMP Tue Aug 23 19:58:13 UTC 2016 x86_64,2018-04-04 15:08:02,,,Access Denied,2017-08-31 15:41:15,,,,
GB,Talk Straight Ltd.,85.92.168.124,,199335,2017-08-31,2018-04-04,2018-04-04 15:55:59,FALSE,TRUE,FALSE,TRUE,TRUE,TRUE,FALSE,FALSE,Linux logger1.schoolsbroadband.net 2.6.32-696.3.2.el6.x86_64 #1 SMP Tue Jun 20 01:26:55 UTC 2017 x86_64,2018-04-04 15:55:59,,,Access Denied,2017-08-31 15:30:54,,,,
GB,Talk Straight Ltd.,85.92.168.125,,199335,2017-08-31,2018-04-04,2018-04-04 15:17:15,FALSE,TRUE,FALSE,TRUE,TRUE,TRUE,FALSE,FALSE,Linux logger2.schoolsbroadband.net 2.6.32-696.3.2.el6.x86_64 #1 SMP Tue Jun 20 01:26:55 UTC 2017 x86_64,2018-04-04 15:17:15,,,Access Denied,2017-08-31 15:26:56,,,,
GB,Talk Straight Ltd.,85.92.168.128,,199335,2017-08-31,2018-04-04,2018-04-04 15:04:32,FALSE,TRUE,FALSE,TRUE,TRUE,TRUE,FALSE,FALSE,Linux policy1.schoolsbroadband.net 2.6.32-696.3.2.el6.x86_64 #1 SMP Tue Jun 20 01:26:55 UTC 2017 x86_64,2018-04-04 15:04:32,,,Access Denied,2017-08-31 15:44:58,,,,
GB,Talk Straight Ltd.,85.92.168.129,,199335,2017-08-31,2018-04-04,2018-04-04 15:39:26,FALSE,TRUE,FALSE,TRUE,TRUE,TRUE,FALSE,FALSE,Linux policy2.schoolsbroadband.net 2.6.32-696.3.2.el6.x86_64 #1 SMP Tue Jun 20 01:26:55 UTC 2017 x86_64,2018-04-04 15:39:26,,,Access Denied,2017-08-31 15:33:24,,,,
GB,Talk Straight Ltd.,85.92.168.130,,199335,2017-08-31,2018-04-04,2018-04-04 15:57:30,FALSE,TRUE,FALSE,TRUE,TRUE,TRUE,FALSE,FALSE,Linux policy3.schoolsbroadband.net 2.6.32-696.3.2.el6.x86_64 #1 SMP Tue Jun 20 01:26:55 UTC 2017 x86_64,2018-04-04 15:57:30,,,Access Denied,2017-08-31 15:38:47,,,,
GB,Talk Straight Ltd.,85.92.168.131,,199335,2017-08-31,2018-04-04,2018-04-04 14:57:19,FALSE,TRUE,FALSE,TRUE,TRUE,TRUE,FALSE,FALSE,Linux policy4.schoolsbroadband.net 2.6.32-696.3.2.el6.x86_64 #1 SMP Tue Jun 20 01:26:55 UTC 2017 x86_64,2018-04-04 14:57:19,,,Access Denied,2017-08-31 15:41:25,,,,
GB,Talk Straight Ltd.,85.92.168.50,,199335,2017-10-18,2018-04-04,2017-11-29 11:21:52,FALSE,TRUE,TRUE,TRUE,TRUE,TRUE,TRUE,FALSE,Linux salesdemo.schoolsbroadband.net 2.6.32-642.4.2.el6.x86_64 #1 SMP Tue Aug 23 19:58:13 UTC 2016 x86_64,2017-11-29 11:21:52,,,Access Denied,2017-10-25 15:04:47,,,,
GB,Talk Straight Ltd.,85.92.183.2,,199335,2017-08-31,2018-04-04,2017-10-11 15:27:04,FALSE,TRUE,FALSE,TRUE,TRUE,TRUE,FALSE,FALSE,Linux proxy3.schoolsbroadband.net 2.6.32-696.3.2.el6.x86_64 #1 SMP Tue Jun 20 01:26:55 UTC 2017 x86_64,2017-10-11 15:27:04,,,Access Denied,2017-08-31 15:36:34,,,,
GB,Talk Straight Ltd.,85.92.183.3,,199335,2017-08-31,2018-04-04,2017-10-11 14:58:10,FALSE,TRUE,FALSE,TRUE,TRUE,TRUE,FALSE,FALSE,Linux proxy4.schoolsbroadband.net 2.6.32-696.3.2.el6.x86_64 #1 SMP Tue Jun 20 01:26:55 UTC 2017 x86_64,2017-10-11 14:58:10,,,Access Denied,2017-08-31 15:22:01,,,,
GB,Talk Straight Ltd.,85.92.183.44,,199335,2018-01-31,2018-04-04,2018-01-31 15:09:00,FALSE,TRUE,TRUE,TRUE,TRUE,TRUE,TRUE,FALSE,Linux inlineproxy.schoolsbroadband.net 2.6.32-642.4.2.el6.x86_64 #1 SMP Tue Aug 23 19:58:13 UTC 2016 x86_64,2018-01-31 15:09:00,,,Access Denied,2018-01-31 15:09:00,,,,
GB,Talk Straight Ltd.,85.92.185.193,,199335,2017-09-26,2018-04-04,2018-04-04 15:30:24,FALSE,TRUE,FALSE,TRUE,TRUE,TRUE,FALSE,FALSE,Linux proxy1.schoolsbroadband.net 2.6.32-696.3.2.el6.x86_64 #1 SMP Tue Jun 20 01:26:55 UTC 2017 x86_64,2018-04-04 15:30:24,,,Untitled document,2017-10-04 15:16:41,,,,
GB,Talk Straight Ltd.,85.92.185.194,,199335,2017-09-26,2018-04-04,2018-04-04 15:32:46,FALSE,TRUE,FALSE,TRUE,TRUE,TRUE,FALSE,FALSE,Linux proxy2.schoolsbroadband.net 2.6.32-696.3.2.el6.x86_64 #1 SMP Tue Jun 20 01:26:55 UTC 2017 x86_64,2018-04-04 15:32:46,,,Untitled document,2017-10-04 15:06:47,,,,
GB,Talk Straight Ltd.,85.92.185.195,,199335,2017-10-18,2018-04-04,2018-04-04 15:15:05,FALSE,TRUE,FALSE,TRUE,TRUE,TRUE,FALSE,FALSE,Linux proxy3.schoolsbroadband.net 2.6.32-696.3.2.el6.x86_64 #1 SMP Tue Jun 20 01:26:55 UTC 2017 x86_64,2018-04-04 15:15:05,,,Untitled document,2017-10-18 15:09:50,,,,
GB,Talk Straight Ltd.,85.92.185.196,,199335,2017-10-18,2018-04-04,2018-04-04 15:10:08,FALSE,TRUE,FALSE,TRUE,TRUE,TRUE,FALSE,FALSE,Linux proxy4.schoolsbroadband.net 2.6.32-696.3.2.el6.x86_64 #1 SMP Tue Jun 20 01:26:55 UTC 2017 x86_64,2018-04-04 15:10:08,,,Untitled document,2017-10-18 15:42:44,,,,
GB,Talk Straight Ltd.,85.92.185.197,,199335,2017-09-26,2018-04-04,2017-10-04 15:18:51,FALSE,TRUE,FALSE,TRUE,TRUE,TRUE,FALSE,FALSE,Linux proxy5.schoolsbroadband.net 2.6.32-696.3.2.el6.x86_64 #1 SMP Tue Jun 20 01:26:55 UTC 2017 x86_64,2017-10-04 15:18:51,,,Untitled document,2017-10-04 15:18:51,,,,
GB,Talk Straight Ltd.,85.92.185.198,,199335,2017-09-26,2018-04-04,2017-10-04 15:09:17,FALSE,TRUE,FALSE,TRUE,TRUE,TRUE,FALSE,FALSE,Linux proxy6.schoolsbroadband.net 2.6.32-696.3.2.el6.x86_64 #1 SMP Tue Jun 20 01:26:55 UTC 2017 x86_64,2017-10-04 15:09:17,,,Untitled document,2017-10-04 15:09:17,,,,
GB,Talk Straight Ltd.,85.92.185.199,,199335,2017-09-26,2018-04-04,2017-10-04 14:56:39,FALSE,TRUE,FALSE,TRUE,TRUE,TRUE,FALSE,FALSE,Linux proxy7.schoolsbroadband.net 2.6.32-696.3.2.el6.x86_64 #1 SMP Tue Jun 20 01:26:55 UTC 2017 x86_64,2017-10-04 14:56:39,,,Untitled document,2017-10-04 14:56:39,,,,
GB,Talk Straight Ltd.,85.92.185.200,,199335,2017-09-26,2018-04-04,2017-10-04 15:06:43,FALSE,TRUE,FALSE,TRUE,TRUE,TRUE,FALSE,FALSE,Linux proxy8.schoolsbroadband.net 2.6.32-696.3.2.el6.x86_64 #1 SMP Tue Jun 20 01:26:55 UTC 2017 x86_64,2017-10-04 15:06:43,,,Untitled document,2017-10-04 15:06:43,,,,
GB,Talk Straight Ltd.,85.92.187.230,,199335,2018-03-14,2018-04-04,2018-04-04 15:36:47,FALSE,TRUE,FALSE,TRUE,TRUE,TRUE,FALSE,FALSE,Linux proxy8.schoolsbroadband.net 2.6.32-696.3.2.el6.x86_64 #1 SMP Tue Jun 20 01:26:55 UTC 2017 x86_64,2018-04-04 15:36:47,,,Access Denied,2018-03-14 15:04:02,,,,
GB,Updata Infrastructure 2012 Limited,46.183.195.82,,51551,2017-08-31,2018-04-04,2018-04-04 15:21:53,FALSE,TRUE,TRUE,TRUE,TRUE,TRUE,FALSE,FALSE,,,,,Access Denied,2017-08-31 15:10:05,,,http://46.183.195.82,2017-08-31 15:10:05
GB,Updata Infrastructure 2012 Limited,46.183.195.83,,51551,2017-08-31,2018-04-04,2018-04-04 15:00:38,FALSE,TRUE,TRUE,TRUE,TRUE,TRUE,FALSE,FALSE,,,,,Access Denied,2017-08-31 15:39:37,,,http://46.183.195.83,2017-08-31 15:39:37
GB,Updata Infrastructure 2012 Limited,46.183.195.84,,51551,2017-08-31,2018-04-04,2018-04-04 15:17:32,FALSE,TRUE,TRUE,TRUE,TRUE,TRUE,TRUE,TRUE,Linux ebl-cloud-web-admin.updatanet.co.uk 2.6.18-308.13.1.el5.netsw #1 SMP Mon Oct 1 09:15:16 EDT 2012 x86_64,2018-04-04 15:17:32,webadmin.updata.net,2017-08-31 15:39:45,Access Denied,2017-08-31 15:39:45,,,https://46.183.195.84,2017-08-31 15:39:45
GB,Updata Infrastructure 2012 Limited,46.183.196.108,,51551,2017-08-31,2018-04-04,2017-10-25 15:19:38,FALSE,TRUE,TRUE,TRUE,TRUE,TRUE,FALSE,FALSE,,,deny.bucksgfl.org.uk,2017-08-31 15:28:05,Access Denied,2017-08-31 15:28:05,,,,
GB,Updata Infrastructure 2012 Limited,46.183.197.219,,51551,2017-08-31,2018-04-04,2018-04-04 15:02:13,FALSE,TRUE,TRUE,TRUE,TRUE,TRUE,FALSE,FALSE,,,derbyproxyadmin.updata.net,2017-08-31 15:10:49,Access Denied,2017-08-31 15:10:49,,,http://46.183.197.219,2017-08-31 15:10:49
GR,Cyprus Telecommunications Authority,78.87.1.20,,6866,2017-08-31,2018-04-04,2018-04-04 15:56:13,FALSE,TRUE,TRUE,TRUE,TRUE,FALSE,FALSE,FALSE,,,www.safeinternet.cyta.gr,2017-08-31 15:36:57,,,,,,
ID,PT Excelcomindo Pratama,202.152.254.227,,17885,2017-08-31,2018-04-04,2018-04-04 15:42:00,FALSE,TRUE,TRUE,TRUE,TRUE,TRUE,TRUE,TRUE,Linux CBTCNB02-REPORTNS01 2.6.18-308.13.1.el5.netsw #1 SMP Mon Oct 1 11:51:58 EDT 2012 i686,2018-04-04 15:42:00,,,Access Denied,2017-08-31 15:20:38,,,,
ID,PT Media Sarana Data,103.247.122.210,,55666,2017-08-31,2018-04-04,2018-04-04 15:01:11,FALSE,TRUE,TRUE,TRUE,TRUE,TRUE,TRUE,TRUE,Linux zigy.gmedia.net.id 2.6.18-308.13.1.el5.netsw #1 SMP Mon Oct 1 09:15:16 EDT 2012 x86_64,2018-04-04 15:01:11,ipv4-210-122-247.as55666.net,2017-08-31 15:36:10,Access Denied,2017-08-31 15:36:10,,,http://103.247.122.210,2017-08-31 15:36:10
ID,PT Media Sarana Data,103.247.122.211,,55666,2017-08-31,2018-04-04,2018-04-04 15:36:07,FALSE,TRUE,TRUE,TRUE,TRUE,TRUE,FALSE,TRUE,Linux filter.gmedia.net.id 2.6.18-308.13.1.el5.netsw #1 SMP Mon Oct 1 09:15:16 EDT 2012 x86_64,2018-04-04 15:36:07,ipv4-211-122-247.as55666.net,2017-08-31 15:43:25,Access Denied,2017-08-31 15:43:25,,,http://103.247.122.211,2017-08-31 15:43:25
ID,Telstra Global,202.47.214.218,,4637,2017-11-21,2018-03-21,2018-03-21 15:12:39,FALSE,FALSE,FALSE,FALSE,FALSE,FALSE,TRUE,FALSE,Linux PolicyServer-Delhi 2.6.32-642.4.2.el6.x86_64 #1 SMP Tue Aug 23 19:58:13 UTC 2016 x86_64,2018-03-21 15:12:39,unknown.telstraglobal.net,2017-11-21 13:05:01,,,,,,
IE,"Amazon.com, Inc.",52.48.91.21,,16509,2018-01-11,2018-01-11,2018-01-11 17:10:56,FALSE,FALSE,FALSE,FALSE,FALSE,FALSE,FALSE,FALSE,,,ec2-52-48-91-21.eu-west-1.compute.amazonaws.com,2018-01-11 17:10:56,,,,,,
IE,Imagine Telecommunications Ltd,89.127.193.178,,25441,2017-08-31,2018-04-04,2018-04-04 15:29:08,FALSE,TRUE,TRUE,TRUE,TRUE,TRUE,TRUE,FALSE,,,,,Access Denied,2017-08-31 15:40:47,,,,
IE,Imagine Telecommunications Ltd,89.127.193.182,,25441,2017-08-31,2018-04-04,2018-04-04 14:59:12,FALSE,TRUE,TRUE,TRUE,TRUE,TRUE,TRUE,FALSE,,,,,Access Denied,2017-08-31 15:13:59,,,,
IE,Imagine Telecommunications Ltd,89.127.193.84,,25441,2017-09-26,2018-04-04,2018-04-04 14:54:58,FALSE,FALSE,FALSE,FALSE,FALSE,FALSE,FALSE,FALSE,,,,,,,,,,
IE,Imagine Telecommunications Ltd,89.127.193.85,,25441,2017-08-31,2018-02-14,2017-09-07 15:18:31,FALSE,TRUE,TRUE,TRUE,TRUE,TRUE,FALSE,TRUE,Linux im-nsw-02.imagine.ie 2.6.18-308.13.1.el5.netsw #1 SMP Mon Oct 1 09:15:16 EDT 2012 x86_64,2018-02-14 14:53:42,,,Access Denied,2017-08-31 15:23:17,,,http://89.127.193.85,2017-08-31 15:23:17
IE,Imagine Telecommunications Ltd,89.127.199.170,,25441,2017-08-31,2018-04-04,2017-11-28 12:20:35,FALSE,TRUE,TRUE,TRUE,TRUE,TRUE,TRUE,FALSE,Linux dsl_netsweeper.filter.imagine.ie 2.6.32-573.7.1.el6.x86_64 #1 SMP Tue Sep 22 22:00:00 UTC 2015 x86_64,2018-04-04 15:21:36,,,Access Denied,2017-08-31 15:21:28,,,,
IE,Magnet Networks Limited,85.91.5.12,,34245,2017-08-31,2018-04-04,2018-04-04 15:07:48,FALSE,FALSE,FALSE,FALSE,FALSE,FALSE,FALSE,FALSE,,,,,,,,,,
IE,Magnet Networks Limited,85.91.9.34,,34245,2017-08-31,2018-04-04,2018-04-04 15:56:30,FALSE,FALSE,FALSE,FALSE,FALSE,FALSE,FALSE,FALSE,,,,,,,,,,
IN,<NO ANNOUNCING ASN>,49.44.18.34,looked up ASN - no announcing prefix,0,2017-08-31,2018-04-04,2018-04-04 15:58:56,TRUE,FALSE,FALSE,FALSE,FALSE,FALSE,FALSE,FALSE,,,,,,,,,,
IN,BHARTI Airtel Ltd.,182.79.218.106,,9498,2017-08-31,2018-04-04,2018-04-04 15:48:27,FALSE,TRUE,TRUE,TRUE,TRUE,TRUE,FALSE,FALSE,Linux Policy11-Chennai 2.6.32-642.4.2.el6.x86_64 #1 SMP Tue Aug 23 19:58:13 UTC 2016 x86_64,2018-04-04 15:48:27,,,Access Denied,2017-08-31 15:38:03,,,,
IN,BHARTI Airtel Ltd.,182.79.218.166,,9498,2017-08-31,2018-04-04,2018-04-04 14:52:40,FALSE,TRUE,TRUE,TRUE,TRUE,TRUE,FALSE,FALSE,Linux Policy12-Mumbai 2.6.32-642.4.2.el6.x86_64 #1 SMP Tue Aug 23 19:58:13 UTC 2016 x86_64,2018-04-04 14:52:40,,,Access Denied,2017-08-31 15:38:57,,,,
IN,BHARTI Airtel Ltd.,182.79.218.167,,9498,2017-08-31,2018-04-04,2018-04-04 15:17:35,FALSE,TRUE,TRUE,TRUE,TRUE,TRUE,FALSE,FALSE,Linux Policy13-Mumbai 2.6.32-642.4.2.el6.x86_64 #1 SMP Tue Aug 23 19:58:13 UTC 2016 x86_64,2018-04-04 15:17:35,,,Access Denied,2017-08-31 15:26:41,,,,
IN,BHARTI Airtel Ltd.,182.79.218.196,,9498,2017-08-31,2018-04-04,2017-11-29 11:14:43,FALSE,TRUE,TRUE,TRUE,TRUE,TRUE,TRUE,FALSE,Linux Policy01-Delhi 2.6.32-642.4.2.el6.x86_64 #1 SMP Tue Aug 23 19:58:13 UTC 2016 x86_64,2018-04-04 15:21:57,,,Access Denied,2017-08-31 15:37:46,,,,
IN,BHARTI Airtel Ltd.,182.79.218.197,,9498,2017-08-31,2018-04-04,2017-11-29 11:51:08,FALSE,TRUE,TRUE,TRUE,TRUE,TRUE,FALSE,FALSE,Linux Policy02-Delhi 2.6.32-642.4.2.el6.x86_64 #1 SMP Tue Aug 23 19:58:13 UTC 2016 x86_64,2018-04-04 15:17:37,,,Access Denied,2017-08-31 15:21:01,,,,
IN,BHARTI Airtel Ltd.,182.79.218.198,,9498,2017-08-31,2018-04-04,2017-11-29 11:41:38,FALSE,TRUE,TRUE,TRUE,TRUE,TRUE,TRUE,FALSE,Linux Policy03-Delhi 2.6.32-642.4.2.el6.x86_64 #1 SMP Tue Aug 23 19:58:13 UTC 2016 x86_64,2018-04-04 15:30:26,,,Access Denied,2017-08-31 15:20:14,,,,
IN,BHARTI Airtel Ltd.,182.79.218.34,,9498,2017-08-31,2018-04-04,2018-04-04 15:42:22,FALSE,TRUE,TRUE,TRUE,TRUE,TRUE,FALSE,FALSE,,,,,Untitled document,2017-08-31 15:43:39,,,,
IN,BHARTI Airtel Ltd.,182.79.218.35,,9498,2017-11-21,2017-11-29,2017-11-29 11:35:59,FALSE,FALSE,FALSE,FALSE,FALSE,FALSE,FALSE,FALSE,Linux webadmin02 2.6.32-642.4.2.el6.x86_64 #1 SMP Tue Aug 23 19:58:13 UTC 2016 x86_64,2017-11-29 11:35:59,,,,,,,,
IN,BHARTI Airtel Ltd.,182.79.218.38,,9498,2017-08-31,2018-04-04,2018-04-04 15:03:24,FALSE,TRUE,TRUE,TRUE,TRUE,TRUE,FALSE,FALSE,Linux logger01 2.6.32-642.4.2.el6.x86_64 #1 SMP Tue Aug 23 19:58:13 UTC 2016 x86_64,2018-04-04 15:03:24,,,Access Denied,2018-03-14 15:48:21,,,,
IN,BHARTI Airtel Ltd.,182.79.218.98,,9498,2017-08-31,2017-09-07,2017-09-07 15:32:37,FALSE,FALSE,FALSE,FALSE,FALSE,FALSE,FALSE,FALSE,Linux Policy03-Chennai 2.6.32-642.4.2.el6.x86_64 #1 SMP Tue Aug 23 19:58:13 UTC 2016 x86_64,2017-09-07 15:32:37,,,,,,,,
IN,Bharti Airtel Ltd. AS for GPRS Service,223.239.13.254,,45609,2017-08-31,2018-04-04,2018-04-04 15:27:00,FALSE,TRUE,TRUE,TRUE,TRUE,TRUE,TRUE,FALSE,Linux Wifi_Content 2.6.32-642.4.2.el6.x86_64 #1 SMP Tue Aug 23 19:58:13 UTC 2016 x86_64,2018-04-04 15:27:00,,,Access Denied,2017-08-31 15:21:08,,,,
IN,Hathway IP Over Cable Internet,116.74.105.29,,17488,2017-09-26,2018-04-04,2018-04-04 15:50:18,FALSE,FALSE,FALSE,FALSE,FALSE,FALSE,FALSE,FALSE,Linux surat-policy01 2.6.32-573.7.1.el6.x86_64 #1 SMP Tue Sep 22 22:00:00 UTC 2015 x86_64,2018-04-04 15:50:18,105.74.116.29.hathway.com,2017-09-26 11:05:14,,,,,,
IN,Hathway IP Over Cable Internet,116.74.81.11,,17488,2017-08-31,2018-04-04,2017-10-04 14:56:44,FALSE,TRUE,TRUE,TRUE,TRUE,TRUE,FALSE,FALSE,Linux goa-policy01 2.6.32-642.4.2.el6.x86_64 #1 SMP Tue Aug 23 19:58:13 UTC 2016 x86_64,2017-10-04 14:56:44,,,Access Denied,2017-08-31 15:33:29,,,,
IN,Hathway IP Over Cable Internet,125.99.170.27,,17488,2017-08-31,2018-04-04,2018-04-04 14:55:03,FALSE,TRUE,TRUE,TRUE,TRUE,TRUE,FALSE,FALSE,Linux indore-policy01 2.6.32-573.7.1.el6.x86_64 #1 SMP Tue Sep 22 22:00:00 UTC 2015 x86_64,2018-04-04 14:55:03,,,Access Denied,2017-08-31 15:43:29,,,,
IN,Hathway IP Over Cable Internet,125.99.64.67,,17488,2017-08-31,2018-04-04,2018-04-04 15:29:12,FALSE,TRUE,TRUE,TRUE,TRUE,TRUE,FALSE,FALSE,Linux pune-policy01 2.6.32-642.4.2.el6.x86_64 #1 SMP Tue Aug 23 19:58:13 UTC 2016 x86_64,2018-04-04 15:29:12,,,Access Denied,2017-08-31 15:24:48,,,,
IN,Hathway IP Over Cable Internet,125.99.99.122,,17488,2017-10-04,2018-04-04,2018-04-04 15:42:11,FALSE,TRUE,TRUE,TRUE,TRUE,TRUE,FALSE,FALSE,Linux policy01 2.6.32-642.4.2.el6.x86_64 #1 SMP Tue Aug 23 19:58:13 UTC 2016 x86_64,2018-04-04 15:42:11,,,Access Denied,2017-10-04 15:10:02,,,,
IN,Hathway IP Over Cable Internet,125.99.99.123,,17488,2017-08-31,2018-04-04,2018-04-04 15:45:44,TRUE,TRUE,TRUE,TRUE,TRUE,TRUE,FALSE,FALSE,Linux web01 2.6.32-642.4.2.el6.x86_64 #1 SMP Tue Aug 23 19:58:13 UTC 2016 x86_64,2018-04-04 15:45:44,,,Access Denied,2017-08-31 15:31:03,,,,
IN,Hathway IP Over Cable Internet,125.99.99.124,,17488,2017-10-04,2018-04-04,2018-04-04 15:53:43,FALSE,TRUE,TRUE,TRUE,TRUE,TRUE,FALSE,FALSE,Linux policy02 2.6.32-642.4.2.el6.x86_64 #1 SMP Tue Aug 23 19:58:13 UTC 2016 x86_64,2018-04-04 15:53:43,,,Access Denied,2017-10-04 15:38:36,,,,
IN,Hathway IP Over Cable Internet,125.99.99.125,,17488,2017-10-04,2018-04-04,2018-04-04 15:56:46,FALSE,TRUE,TRUE,TRUE,TRUE,TRUE,FALSE,FALSE,Linux policy02 2.6.32-642.4.2.el6.x86_64 #1 SMP Tue Aug 23 19:58:13 UTC 2016 x86_64,2018-04-04 15:56:46,,,Access Denied,2017-10-04 15:22:42,,,,
IN,Hathway IP Over Cable Internet,202.88.149.42,,17488,2017-09-26,2018-04-04,2018-04-04 15:41:54,FALSE,FALSE,FALSE,FALSE,FALSE,FALSE,FALSE,FALSE,Linux mohali-policy01 2.6.32-573.7.1.el6.x86_64 #1 SMP Tue Sep 22 22:00:00 UTC 2015 x86_64,2018-04-04 15:41:54,,,,,,,,
IN,Hathway IP Over Cable Internet,202.88.152.20,,17488,2017-08-31,2018-04-04,2018-04-04 15:10:50,TRUE,TRUE,TRUE,TRUE,TRUE,TRUE,FALSE,FALSE,Linux chennai-policy01 2.6.32-642.4.2.el6.x86_64 #1 SMP Tue Aug 23 19:58:13 UTC 2016 x86_64,2018-04-04 15:10:50,bccchn.hathway.com,2017-08-31 15:22:39,Access Denied,2017-08-31 15:22:39,,,,
IN,Hathway IP Over Cable Internet,202.88.158.98,,17488,2017-09-26,2018-04-04,2018-04-04 15:19:16,FALSE,FALSE,FALSE,FALSE,FALSE,FALSE,FALSE,FALSE,Linux bangalore-policy01 2.6.32-642.1.1.el6.x86_64 #1 SMP Tue May 31 21:57:07 UTC 2016 x86_64,2018-04-04 15:19:16,,,,,,,,
IN,Hathway IP Over Cable Internet,202.88.190.35,,17488,2017-09-26,2018-04-04,2018-04-04 14:55:39,FALSE,FALSE,FALSE,FALSE,FALSE,FALSE,FALSE,FALSE,Linux hyderabad-policy01 2.6.32-642.1.1.el6.x86_64 #1 SMP Tue May 31 21:57:07 UTC 2016 x86_64,2017-11-15 15:32:25,,,,,,,,
IN,Hathway IP Over Cable Internet,203.163.229.27,,17488,2017-08-31,2018-04-04,2018-04-04 15:47:29,FALSE,TRUE,TRUE,TRUE,TRUE,TRUE,FALSE,FALSE,Linux kolkata-policy01 2.6.32-573.7.1.el6.x86_64 #1 SMP Tue Sep 22 22:00:00 UTC 2015 x86_64,2018-04-04 15:47:29,,,Access Denied,2017-08-31 15:10:36,,,,
IN,HUGHES ESCORTS COMMUNICATIONS LIMITED IS A SATELLITE BASED BROADBAND ISP & ASP,110.50.49.27,,17648,2018-01-31,2018-04-04,2018-04-04 15:33:27,FALSE,FALSE,FALSE,FALSE,FALSE,FALSE,FALSE,FALSE,,,,,,,,,,
IN,National Internet Backbone,218.248.233.12,,9829,2017-08-31,2018-04-04,2018-04-04 15:10:44,FALSE,TRUE,TRUE,TRUE,TRUE,TRUE,FALSE,FALSE,,,,,Access Denied,2017-08-31 15:13:38,,,http://218.248.233.12,2017-08-31 15:13:38
IN,Net4India Ltd,202.71.145.253,,17447,2017-08-31,2018-04-04,2018-01-11 16:45:08,FALSE,TRUE,TRUE,TRUE,TRUE,TRUE,TRUE,FALSE,Linux dnsserver 2.6.32-642.4.2.el6.x86_64 #1 SMP Tue Aug 23 19:58:13 UTC 2016 x86_64,2018-01-11 16:45:08,,,Access Denied,2017-08-31 15:23:51,,,,
IN,Pacific Internet India Pvt. Ltd.,203.123.136.50,,9625,2017-08-31,2018-04-04,2018-04-04 15:05:49,FALSE,TRUE,TRUE,TRUE,TRUE,TRUE,FALSE,FALSE,Linux Policy02-Mumbai 2.6.32-358.2.1.el6.x86_64 #1 SMP Wed Mar 13 00:26:49 UTC 2013 x86_64,2018-04-04 15:05:49,lease50.mumbai-142.static.pacific.net.in,2017-08-31 15:15:31,Untitled document,2017-08-31 15:15:31,,,,
IN,Pacific Internet India Pvt. Ltd.,203.123.180.38,,9625,2017-08-31,2018-04-04,2018-04-04 15:17:07,FALSE,TRUE,TRUE,TRUE,TRUE,TRUE,FALSE,FALSE,Linux policy01-Bangalore 2.6.32-358.2.1.el6.x86_64 #1 SMP Wed Mar 13 00:26:49 UTC 2013 x86_64,2018-04-04 15:17:07,lease-blr-180-38.static.pacific.net.in,2017-08-31 15:33:15,Untitled document,2017-08-31 15:33:15,,,,
IN,Pacific Internet India Pvt. Ltd.,203.123.187.26,,9625,2017-08-31,2018-04-04,2018-04-04 15:48:40,FALSE,TRUE,TRUE,TRUE,TRUE,TRUE,FALSE,FALSE,Linux webadmin01 2.6.32-358.2.1.el6.x86_64 #1 SMP Wed Mar 13 00:26:49 UTC 2013 x86_64,2018-04-04 15:48:40,lease26.bgr-187.pacific.net.in,2017-08-31 15:19:56,Untitled document,2017-08-31 15:19:56,,,,
IN,Primesoftex Ltd,203.115.102.145,,17426,2017-08-31,2018-04-04,2018-04-04 15:09:07,FALSE,TRUE,TRUE,TRUE,TRUE,TRUE,TRUE,TRUE,Linux ngurapps1.primenet.in 2.6.18-308.13.1.el5.netsw #1 SMP Mon Oct 1 11:51:58 EDT 2012 i686,2018-04-04 15:09:07,ncr-102-145.primenet.in,2017-08-31 15:46:00,Access Denied,2017-08-31 15:46:00,,,http://203.115.102.145,2017-08-31 15:46:00
IN,Primesoftex Ltd,203.115.112.138,,17426,2017-08-31,2018-04-04,2018-04-04 15:17:43,FALSE,TRUE,TRUE,TRUE,TRUE,TRUE,TRUE,TRUE,Linux localhost.localdomain 2.6.18-308.13.1.el5.netsw #1 SMP Mon Oct 1 09:15:16 EDT 2012 x86_64,2018-04-04 15:17:43,mumbai.primenet.in,2017-08-31 15:44:56,Access Denied,2017-08-31 15:44:56,,,,
IN,Primesoftex Ltd,203.115.127.156,,17426,2017-08-31,2018-04-04,2018-04-04 16:01:16,FALSE,TRUE,TRUE,TRUE,TRUE,TRUE,TRUE,TRUE,Linux localhost.localdomain 2.6.18-308.13.1.el5.netsw #1 SMP Mon Oct 1 09:15:16 EDT 2012 x86_64,2018-04-04 16:01:16,pgl-127-156.primenet.in,2017-08-31 15:26:30,Access Denied,2017-08-31 15:26:30,,,http://203.115.127.156,2017-08-31 15:26:30
IN,Primesoftex Ltd,203.115.96.147,,17426,2017-08-31,2018-04-04,2018-04-04 15:51:18,FALSE,TRUE,TRUE,TRUE,TRUE,TRUE,TRUE,TRUE,Linux localhost.localdomain 2.6.18-308.13.1.el5.netsw #1 SMP Mon Oct 1 11:51:58 EDT 2012 i686,2018-04-04 15:51:18,,,Access Denied,2017-08-31 15:15:51,,,,
IN,Reliance Communications Ltd.DAKC MUMBAI,115.248.224.97,,18101,2017-09-26,2018-04-04,2018-04-04 14:56:21,FALSE,FALSE,FALSE,FALSE,FALSE,FALSE,FALSE,FALSE,,,,,,,,,,
IN,TATA Communications formerly VSNL is Leading ISP,59.165.131.53,,4755,2017-08-31,2018-04-04,2018-04-04 15:24:21,FALSE,TRUE,TRUE,FALSE,TRUE,TRUE,FALSE,FALSE,Linux netsweepernrs2.vsnl.in 2.6.18-53.1.14.el5 #1 SMP Wed Mar 5 11:36:49 EST 2008 i686,2018-01-31 15:47:08,59.165.131.53.man-static.vsnl.net.in,2017-08-31 15:20:09,Access Denied,2017-08-31 15:20:09,,,,
IN,TATA SKY BROADBAND PRIVATE LIMITED,103.195.200.53,,134674,2017-08-31,2018-04-04,2017-09-07 15:18:48,FALSE,TRUE,FALSE,TRUE,TRUE,TRUE,TRUE,FALSE,Linux suspend.tataskybb.com 2.6.32-696.3.2.el6.x86_64 #1 SMP Tue Jun 20 01:26:55 UTC 2017 x86_64,2017-09-07 15:18:48,,,Access Denied,2017-08-31 15:37:12,care@tataskybroadband.com,2017-09-06 15:53:50,,
IN,Telstra Global,203.123.146.126,,4637,2017-08-31,2018-04-04,2018-04-04 15:28:59,FALSE,TRUE,TRUE,TRUE,TRUE,TRUE,FALSE,FALSE,Linux policy03-noida 2.6.32-358.2.1.el6.x86_64 #1 SMP Wed Mar 13 00:26:49 UTC 2013 x86_64,2018-04-04 15:28:59,lease126.mumbai-146.pacific.net.in,2017-08-31 15:34:13,Untitled document,2017-08-31 15:34:13,,,,
IN,Telstra Global,203.123.157.38,,4637,2017-08-31,2018-04-04,2018-04-04 15:52:04,FALSE,TRUE,TRUE,TRUE,TRUE,TRUE,FALSE,FALSE,Linux policy04-chennai 2.6.32-358.2.1.el6.x86_64 #1 SMP Wed Mar 13 00:26:49 UTC 2013 x86_64,2018-04-04 15:52:04,piin38-157.pacific.net.in,2017-08-31 15:21:33,Untitled document,2017-08-31 15:21:33,,,,
IN,Telstra Global,210.57.201.2,,4637,2017-08-31,2018-02-07,2018-02-07 15:28:49,FALSE,FALSE,FALSE,FALSE,FALSE,FALSE,FALSE,FALSE,Linux bomnswa01 2.6.32-642.4.2.el6.x86_64 #1 SMP Tue Aug 23 19:58:13 UTC 2016 x86_64,2018-01-11 17:33:39,unknown.telstraglobal.net,2017-08-31 15:34:27,,,,,,
IN,Telstra Global,210.57.203.2,,4637,2017-08-31,2018-04-04,2018-04-04 15:28:11,FALSE,TRUE,TRUE,TRUE,TRUE,TRUE,FALSE,FALSE,Linux MASNSPS01 2.6.32-642.4.2.el6.x86_64 #1 SMP Tue Aug 23 19:58:13 UTC 2016 x86_64,2018-04-04 15:28:11,unknown.telstraglobal.net,2017-08-31 15:45:34,Access Denied,2017-08-31 15:45:34,,,,
KW,Fast Telecommunications Company W.L.L.,62.215.161.222,,21050,2017-08-31,2018-04-04,2017-09-07 15:09:36,FALSE,TRUE,TRUE,TRUE,TRUE,FALSE,FALSE,TRUE,Linux SKB-NS-PS01 2.6.18-308.13.1.el5.netsw #1 SMP Mon Oct 1 09:15:16 EDT 2012 x86_64,2017-09-07 15:09:36,,,,,,,,
KW,Fast Telecommunications Company W.L.L.,62.215.188.52,,21050,2017-11-29,2018-04-04,2018-04-04 15:37:43,TRUE,FALSE,FALSE,FALSE,FALSE,FALSE,FALSE,FALSE,,,blocked.fasttelco.net,2017-11-29 11:39:58,,,,,,
KW,Fast Telecommunications Company W.L.L.,62.215.3.133,,21050,2017-08-31,2018-04-04,2018-04-04 14:56:45,FALSE,TRUE,TRUE,TRUE,TRUE,TRUE,FALSE,FALSE,,,,,Access Denied,2017-08-31 15:44:23,,,http://62.215.3.133,2017-08-31 15:44:23
KW,Fast Telecommunications Company W.L.L.,62.215.3.135,,21050,2017-08-31,2018-04-04,2018-04-04 15:31:24,FALSE,TRUE,TRUE,TRUE,TRUE,TRUE,FALSE,FALSE,,,,,Access Denied,2017-08-31 15:24:06,,,,
KW,Mobile Telecommunications Company,212.43.17.6,,42961,2017-08-31,2018-04-04,2018-04-04 15:25:41,TRUE,TRUE,FALSE,FALSE,FALSE,TRUE,FALSE,FALSE,,,restrict.kw.zain.com,2017-08-31 15:24:44,Welcome to Zain,2017-08-31 15:24:44,,,,
NL,Microsoft Corporation,104.45.7.54,,8075,2017-09-27,2017-10-25,2017-09-27 15:03:18,FALSE,FALSE,FALSE,TRUE,TRUE,FALSE,FALSE,FALSE,,,,,,,,,,
NZ,CallPlus Services Limited,101.98.12.241,,9790,2017-08-31,2018-04-04,2017-09-07 15:19:34,FALSE,TRUE,TRUE,TRUE,TRUE,TRUE,TRUE,TRUE,Linux cp2.watchdog.net.nz 2.6.18-308.13.1.el5.netsw #1 SMP Mon Oct 1 09:15:16 EDT 2012 x86_64,2017-09-07 15:19:34,default-rdns.vocus.co.nz,2017-08-31 15:33:19,Access Denied,2017-08-31 15:33:19,,,http://101.98.12.241,2017-08-31 15:33:19
NZ,CallPlus Services Limited,101.98.12.249,,9790,2017-08-31,2018-04-04,2017-09-07 15:17:28,FALSE,TRUE,TRUE,TRUE,TRUE,TRUE,TRUE,TRUE,Linux cp1.watchdog.net.nz 2.6.18-308.13.1.el5.netsw #1 SMP Mon Oct 1 09:15:16 EDT 2012 x86_64,2017-09-07 15:17:28,default-rdns.vocus.co.nz,2017-08-31 15:43:52,Access Denied,2017-08-31 15:43:52,,,http://101.98.12.249,2017-08-31 15:43:52
NZ,Snap Internet Limited,111.69.29.90,,23655,2017-08-31,2018-04-04,2018-04-04 15:51:11,FALSE,TRUE,TRUE,TRUE,TRUE,TRUE,TRUE,TRUE,Linux snap1.watchdog.net.nz 2.6.18-308.13.1.el5.netsw #1 SMP Mon Oct 1 09:15:16 EDT 2012 x86_64,2018-04-04 15:51:11,90.29.69.111.static.snap.net.nz,2017-08-31 15:26:10,Access Denied,2017-08-31 15:26:10,,,http://111.69.29.90,2017-08-31 15:26:10
NZ,Vector Communications LTD.,202.126.195.179,,17492,2017-08-31,2018-04-04,2018-04-04 15:39:15,FALSE,TRUE,TRUE,TRUE,TRUE,TRUE,TRUE,TRUE,Linux nsedu.watchdog.net.nz 2.6.18-308.13.1.el5.netsw #1 SMP Mon Oct 1 09:15:16 EDT 2012 x86_64,2018-04-04 15:39:15,202-126-195-179.vectorcommunications.net.nz,2017-08-31 15:30:32,Access Denied,2017-08-31 15:30:32,,,http://202.126.195.179,2017-08-31 15:30:32
PK,Pakistan Telecommunication Company Limited,202.125.134.154,,17557,2017-08-31,2018-04-04,2018-04-04 15:13:56,TRUE,FALSE,FALSE,FALSE,FALSE,FALSE,FALSE,FALSE,,,khi77.pie.net.pk,2017-08-31 15:32:57,,,,,,
PK,Paknet Limited Merged into PTCL,119.159.224.100,,9557,2017-09-27,2017-10-04,2017-10-04 14:58:05,FALSE,FALSE,FALSE,FALSE,FALSE,FALSE,FALSE,TRUE,Linux KHI494-NSP-01 2.6.18-308.1.1.el5.netsw #1 SMP Tue Mar 13 23:12:37 EDT 2012 x86_64,2017-10-04 14:58:05,,,,,,,,
PK,Paknet Limited Merged into PTCL,119.159.224.101,,9557,2017-08-31,2017-09-27,2017-09-27 15:03:36,FALSE,FALSE,FALSE,FALSE,FALSE,FALSE,FALSE,TRUE,Linux KHI494-NSP-02 2.6.18-308.1.1.el5.netsw #1 SMP Tue Mar 13 23:12:37 EDT 2012 x86_64,2017-09-27 15:03:36,,,,,,,,
PK,Paknet Limited Merged into PTCL,119.159.224.102,,9557,2017-09-27,2017-10-18,2017-10-18 15:12:27,FALSE,FALSE,FALSE,FALSE,FALSE,FALSE,FALSE,TRUE,Linux KHI494-NSP-03 2.6.18-308.1.1.el5.netsw #1 SMP Tue Mar 13 23:12:37 EDT 2012 x86_64,2017-10-04 15:09:15,,,,,,,,
PK,Paknet Limited Merged into PTCL,119.159.224.103,,9557,2017-08-31,2017-09-27,2017-09-27 15:03:57,FALSE,FALSE,FALSE,FALSE,FALSE,FALSE,FALSE,TRUE,Linux KHI494-NSP-04 2.6.18-308.1.1.el5.netsw #1 SMP Tue Mar 13 23:12:37 EDT 2012 x86_64,2017-09-27 15:03:57,,,,,,,,
PK,Paknet Limited Merged into PTCL,119.159.224.104,,9557,2017-08-31,2017-11-01,2017-11-01 15:03:02,FALSE,FALSE,FALSE,FALSE,FALSE,FALSE,FALSE,TRUE,Linux KHI494-NSP-05 2.6.18-308.1.1.el5.netsw #1 SMP Tue Mar 13 23:12:37 EDT 2012 x86_64,2017-10-04 15:25:07,,,,,,,,
PK,Paknet Limited Merged into PTCL,119.159.224.105,,9557,2017-08-31,2017-09-27,2017-09-27 15:18:05,FALSE,FALSE,FALSE,FALSE,FALSE,FALSE,FALSE,TRUE,Linux KHI494-NSP-06 2.6.18-308.1.1.el5.netsw #1 SMP Tue Mar 13 23:12:37 EDT 2012 x86_64,2017-09-27 15:18:05,,,,,,,,
PK,Paknet Limited Merged into PTCL,119.159.224.106,,9557,2017-09-27,2017-11-01,2017-11-01 15:16:03,FALSE,FALSE,FALSE,FALSE,FALSE,FALSE,FALSE,TRUE,Linux KHI494-NSP-07 2.6.18-308.1.1.el5.netsw #1 SMP Tue Mar 13 23:12:37 EDT 2012 x86_64,2017-09-27 15:27:14,,,,,,,,
PK,Paknet Limited Merged into PTCL,119.159.224.107,,9557,2017-08-31,2017-09-27,2017-09-27 15:10:57,FALSE,FALSE,FALSE,FALSE,FALSE,FALSE,FALSE,TRUE,Linux KHI494-NSP-08 2.6.18-308.1.1.el5.netsw #1 SMP Tue Mar 13 23:12:37 EDT 2012 x86_64,2017-09-27 15:10:57,,,,,,,,
PK,Paknet Limited Merged into PTCL,119.159.224.108,,9557,2017-08-31,2017-10-25,2017-10-25 15:07:29,FALSE,FALSE,FALSE,FALSE,FALSE,FALSE,FALSE,TRUE,Linux KHI494-NSP-09 2.6.18-308.1.1.el5.netsw #1 SMP Tue Mar 13 23:12:37 EDT 2012 x86_64,2017-10-04 15:06:45,,,,,,,,
PK,Paknet Limited Merged into PTCL,119.159.224.109,,9557,2017-08-31,2017-11-01,2017-11-01 15:41:16,FALSE,FALSE,FALSE,FALSE,FALSE,FALSE,FALSE,TRUE,Linux KHI494-NSP-10 2.6.18-308.1.1.el5.netsw #1 SMP Tue Mar 13 23:12:37 EDT 2012 x86_64,2017-09-07 15:09:13,,,,,,,,
PK,Paknet Limited Merged into PTCL,119.159.224.68,,9557,2017-08-31,2018-04-04,2018-01-11 17:16:15,FALSE,TRUE,TRUE,TRUE,TRUE,TRUE,FALSE,TRUE,Linux KHI275-NSP-01 2.6.18-308.1.1.el5.netsw #1 SMP Tue Mar 13 23:12:37 EDT 2012 x86_64,2018-01-11 17:16:15,,,Access Denied,2017-08-31 15:16:48,,,http://119.159.224.68,2017-08-31 15:16:48
PK,Paknet Limited Merged into PTCL,119.159.224.69,,9557,2017-08-31,2017-11-01,2017-11-01 15:11:58,FALSE,FALSE,FALSE,FALSE,FALSE,FALSE,FALSE,TRUE,Linux KHI275-NSP-02 2.6.18-308.1.1.el5.netsw #1 SMP Tue Mar 13 23:12:37 EDT 2012 x86_64,2017-10-04 15:23:04,,,,,,,,
PK,Paknet Limited Merged into PTCL,119.159.224.70,,9557,2017-08-31,2017-11-15,2017-11-15 15:18:12,FALSE,FALSE,FALSE,FALSE,FALSE,FALSE,FALSE,TRUE,Linux KHI275-NSP-03 2.6.18-308.1.1.el5.netsw #1 SMP Tue Mar 13 23:12:37 EDT 2012 x86_64,2017-11-01 15:44:16,,,,,,,,
PK,Paknet Limited Merged into PTCL,119.159.224.72,,9557,2017-08-31,2017-11-15,2017-11-15 15:36:31,FALSE,FALSE,FALSE,FALSE,FALSE,FALSE,FALSE,TRUE,Linux KHI275-NSP-05 2.6.18-308.1.1.el5.netsw #1 SMP Tue Mar 13 23:12:37 EDT 2012 x86_64,2017-11-01 15:26:12,,,,,,,,
PK,Paknet Limited Merged into PTCL,119.159.224.73,,9557,2017-08-31,2017-11-01,2017-11-01 14:58:26,FALSE,FALSE,FALSE,FALSE,FALSE,FALSE,FALSE,TRUE,Linux KHI275-NSP-06 2.6.18-308.1.1.el5.netsw #1 SMP Tue Mar 13 23:12:37 EDT 2012 x86_64,2017-11-01 14:58:26,,,,,,,,
PK,Paknet Limited Merged into PTCL,119.159.224.74,,9557,2017-08-31,2017-09-07,2017-09-07 15:13:20,FALSE,FALSE,FALSE,FALSE,FALSE,FALSE,FALSE,TRUE,Linux KHI275-NSP-07 2.6.18-308.1.1.el5.netsw #1 SMP Tue Mar 13 23:12:37 EDT 2012 x86_64,2017-09-07 15:13:20,,,,,,,,
PK,Paknet Limited Merged into PTCL,119.159.224.75,,9557,2017-08-31,2017-11-01,2017-11-01 15:05:10,FALSE,FALSE,FALSE,FALSE,FALSE,FALSE,FALSE,TRUE,Linux KHI275-NSP-08 2.6.18-308.1.1.el5.netsw #1 SMP Tue Mar 13 23:12:37 EDT 2012 x86_64,2017-11-01 15:05:10,,,,,,,,
PK,Paknet Limited Merged into PTCL,119.159.224.76,,9557,2017-08-31,2018-04-04,2017-11-01 15:24:05,FALSE,TRUE,TRUE,TRUE,TRUE,TRUE,TRUE,TRUE,Linux KHI275-NSP09 2.6.18-308.1.1.el5.netsw #1 SMP Tue Mar 13 23:12:37 EDT 2012 x86_64,2017-11-01 15:24:05,,,Access Denied,2017-08-31 15:44:51,,,http://119.159.224.76,2017-08-31 15:44:51
PK,Paknet Limited Merged into PTCL,119.159.224.77,,9557,2017-08-31,2018-04-04,2017-11-01 15:07:05,FALSE,TRUE,TRUE,TRUE,TRUE,TRUE,FALSE,TRUE,Linux KHI275-NSP-10 2.6.18-308.1.1.el5.netsw #1 SMP Tue Mar 13 23:12:37 EDT 2012 x86_64,2017-11-01 15:07:05,,,Access Denied,2017-08-31 15:33:34,,,http://119.159.224.77,2017-08-31 15:33:34
PS,Hadara,82.102.209.66,,15975,2018-03-21,2018-04-04,2018-04-04 15:36:44,FALSE,TRUE,FALSE,TRUE,TRUE,TRUE,FALSE,FALSE,,,,,Access Denied,2018-03-21 14:58:43,,,,
QA,Ooredoo Q.S.C.,82.148.100.101,,8781,2017-08-31,2018-04-04,2018-04-04 15:59:52,TRUE,FALSE,FALSE,FALSE,FALSE,FALSE,FALSE,FALSE,,,mail.dreamsgroup.com.qa,2017-08-31 15:14:45,,,,,,
QA,Ooredoo Q.S.C.,82.148.116.102,,8781,2017-08-31,2018-04-04,2018-02-21 15:25:12,FALSE,TRUE,TRUE,TRUE,FALSE,FALSE,FALSE,TRUE,Linux WAC-NSW2-CLU3 2.6.18-308.1.1.el5.netsw #1 SMP Tue Mar 13 23:12:37 EDT 2012 x86_64,2018-02-21 15:25:12,ge-wac-nsw.qatar.net.qa,2017-08-31 15:16:06,,,,,,
QA,Ooredoo Q.S.C.,82.148.116.106,,8781,2017-08-31,2018-04-04,2017-09-07 15:16:39,FALSE,TRUE,TRUE,TRUE,FALSE,FALSE,FALSE,TRUE,Linux KTC-NSW1-CLU3 2.6.18-308.1.1.el5.netsw #1 SMP Tue Mar 13 23:12:37 EDT 2012 x86_64,2017-09-07 15:16:39,ge-ktc-nsw1.qatar.net.qa,2017-08-31 15:17:25,,,,,,
QA,Ooredoo Q.S.C.,82.148.116.110,,8781,2017-08-31,2018-04-04,2017-09-07 15:16:31,FALSE,TRUE,TRUE,TRUE,FALSE,FALSE,FALSE,TRUE,Linux KTC-NSW2-CLU3 2.6.18-308.1.1.el5.netsw #1 SMP Tue Mar 13 23:12:37 EDT 2012 x86_64,2017-09-07 15:16:31,ge-ktc-nsw2.qatar.net.qa,2017-08-31 15:29:04,,,,,,
QA,Ooredoo Q.S.C.,82.148.116.98,,8781,2017-08-31,2018-04-04,2018-04-04 15:30:22,FALSE,TRUE,TRUE,TRUE,FALSE,FALSE,FALSE,TRUE,Linux WAC-NSW1-CLU3 2.6.18-308.1.1.el5.netsw #1 SMP Tue Mar 13 23:12:37 EDT 2012 x86_64,2018-04-04 15:30:22,ge-wac-nsw.qatar.net.qa,2017-08-31 15:42:24,,,,,,
QA,Ooredoo Q.S.C.,82.148.98.210,,8781,2017-08-31,2018-04-04,2018-04-04 15:44:39,FALSE,TRUE,TRUE,TRUE,TRUE,TRUE,FALSE,TRUE,Linux WAC-NSW1-CLUSTER4 2.6.18-308.1.1.el5.netsw #1 SMP Tue Mar 13 23:12:37 EDT 2012 x86_64,2018-04-04 15:44:39,,,Access Denied,2017-08-31 15:41:19,,,http://82.148.98.210,2017-08-31 15:41:19
QA,Ooredoo Q.S.C.,82.148.98.218,,8781,2017-08-31,2017-11-29,2017-09-07 15:18:07,FALSE,TRUE,TRUE,TRUE,TRUE,TRUE,FALSE,TRUE,Linux REC-NSW1-CLUSTER4 2.6.18-308.1.1.el5.netsw #1 SMP Tue Mar 13 23:12:37 EDT 2012 x86_64,2017-09-07 15:18:07,,,Access Denied,2017-08-31 15:17:54,,,http://82.148.98.218,2017-08-31 15:17:54
QA,Ooredoo Q.S.C.,82.148.98.222,,8781,2017-08-31,2018-04-04,2017-09-07 15:12:42,FALSE,TRUE,TRUE,TRUE,FALSE,FALSE,FALSE,TRUE,Linux REC-NSW2-CLUSTER4 2.6.18-308.1.1.el5.netsw #1 SMP Tue Mar 13 23:12:37 EDT 2012 x86_64,2017-09-07 15:12:42,,,,,,,,
SA,Etihad Atheeb Telecom Company,94.77.210.93,,47794,2017-08-31,2018-04-04,2017-11-01 15:35:51,FALSE,TRUE,TRUE,TRUE,TRUE,TRUE,FALSE,FALSE,Linux ns-go-ps01 2.6.32-642.4.2.el6.x86_64 #1 SMP Tue Aug 23 19:58:13 UTC 2016 x86_64,2017-11-01 15:35:51,,,Access Denied,2017-08-31 15:23:33,,,,
SA,VIVA Bahrain BSC Closed,84.235.107.203,,51375,2017-08-31,2018-04-04,2018-04-04 15:26:53,FALSE,TRUE,TRUE,TRUE,TRUE,TRUE,FALSE,FALSE,Linux viva-tubli-ps01 2.6.32-573.7.1.el6.x86_64 #1 SMP Tue Sep 22 22:00:00 UTC 2015 x86_64,2018-04-04 15:26:53,84-235-107-203.igw-bah-tub.com.sa,2017-08-31 15:13:20,Access Denied,2017-08-31 15:13:20,,,,
SA,VIVA Bahrain BSC Closed,84.235.107.206,,51375,2017-08-31,2018-04-04,2018-04-04 15:15:08,FALSE,TRUE,TRUE,TRUE,TRUE,TRUE,FALSE,FALSE,Linux viva-tubli-ps02 2.6.32-573.7.1.el6.x86_64 #1 SMP Tue Sep 22 22:00:00 UTC 2015 x86_64,2018-04-04 15:15:08,84-235-107-206.igw-bah-tub.com.sa,2017-08-31 15:39:02,Access Denied,2017-08-31 15:39:02,,,,
SA,VIVA Bahrain BSC Closed,84.235.107.71,,51375,2017-08-31,2018-04-04,2018-04-04 14:54:51,FALSE,TRUE,TRUE,TRUE,TRUE,TRUE,FALSE,FALSE,Linux viva-hora-ps01 2.6.32-573.7.1.el6.x86_64 #1 SMP Tue Sep 22 22:00:00 UTC 2015 x86_64,2018-04-04 14:54:51,84-235-107-71.igw-bah-hor.com.sa,2017-08-31 15:19:51,Access Denied,2017-08-31 15:19:51,,,,
SA,VIVA Bahrain BSC Closed,84.235.107.72,,51375,2017-08-31,2018-04-04,2018-04-04 15:57:33,FALSE,TRUE,TRUE,TRUE,TRUE,TRUE,FALSE,FALSE,Linux viva-hora-ps02 2.6.32-573.7.1.el6.x86_64 #1 SMP Tue Sep 22 22:00:00 UTC 2015 x86_64,2018-04-04 15:57:33,84-235-107-72.igw-bah-hor.com.sa,2017-08-31 15:20:00,Access Denied,2017-08-31 15:20:00,,,,
SD,KANARTEL,196.29.164.27,,33788,2017-08-31,2018-04-04,2018-04-04 15:46:44,TRUE,FALSE,FALSE,FALSE,FALSE,FALSE,FALSE,FALSE,,,,,,,,,,
SD,KANARTEL,197.254.192.34,,33788,2017-08-31,2018-04-04,2018-04-04 14:56:33,FALSE,TRUE,TRUE,TRUE,TRUE,TRUE,FALSE,FALSE,Linux NSPS01 2.6.32-358.2.1.el6.x86_64 #1 SMP Wed Mar 13 00:26:49 UTC 2013 x86_64,2018-04-04 14:56:33,,,Access Denied,2017-09-26 10:44:58,,,,
SD,KANARTEL,197.254.192.38,,33788,2017-08-31,2018-04-04,2018-04-04 15:59:18,FALSE,TRUE,TRUE,TRUE,TRUE,TRUE,FALSE,FALSE,Linux NSPS02 2.6.32-358.2.1.el6.x86_64 #1 SMP Wed Mar 13 00:26:49 UTC 2013 x86_64,2018-04-04 15:59:18,,,Access Denied,2017-08-31 15:24:10,,,,
SD,Sudatel,196.1.211.4,,15706,2017-08-31,2018-04-04,2018-04-04 14:52:45,TRUE,TRUE,TRUE,TRUE,TRUE,TRUE,FALSE,FALSE,Linux NS-PS01 2.6.32-573.7.1.el6.x86_64 #1 SMP Tue Sep 22 22:00:00 UTC 2015 x86_64,2018-04-04 14:52:45,,,Access Denied,2017-08-31 15:20:32,,,,
SG,"Digital Ocean, Inc.",128.199.68.61,,14061,2017-08-31,2018-04-04,2018-04-04 15:06:00,FALSE,TRUE,TRUE,TRUE,TRUE,TRUE,FALSE,TRUE,Linux apacdemo.netsweeper.com 2.6.32-696.6.3.el6.x86_64 #1 SMP Wed Jul 12 14:17:22 UTC 2017 x86_64,2018-04-04 15:06:00,apacdemo.netsweeper.com,2017-08-31 15:45:29,Access Denied,2017-08-31 15:45:29,,,,
SO,Golis-Telecom-AS,41.223.109.101,Filled in ASN info - asn.cymru.com,328250,2018-03-14,2018-04-04,2018-04-04 14:57:16,FALSE,TRUE,FALSE,TRUE,TRUE,TRUE,FALSE,FALSE,Linux bosaso-ns-ps01 2.6.32-696.3.2.el6.x86_64 #1 SMP Tue Jun 20 01:26:55 UTC 2017 x86_64,2018-04-04 14:57:16,,,Untitled document,2018-03-14 16:02:40,,,,
SO,HORMUUD,41.78.72.114,,37371,2017-11-24,2018-04-04,2018-04-04 15:41:14,TRUE,FALSE,FALSE,FALSE,FALSE,FALSE,FALSE,FALSE,,,,,,,,,,
SO,HORMUUD,41.78.72.115,,37371,2017-08-31,2018-04-04,2018-04-04 15:31:33,FALSE,TRUE,TRUE,FALSE,TRUE,TRUE,TRUE,TRUE,Linux netsweeper2.hortel.net 2.6.18-194.8.1.el5.netsw #1 SMP Thu Aug 5 10:24:39 EDT 2010 i686,2018-04-04 15:31:33,,,Access Denied,2017-08-31 15:11:38,,,http://41.78.72.115,2017-08-31 15:11:38
SO,HORMUUD,41.78.74.138,,37371,2017-08-31,2018-04-04,2018-04-04 15:59:10,FALSE,TRUE,TRUE,TRUE,TRUE,TRUE,FALSE,FALSE,Linux hormuud_ps01 2.6.32-642.4.2.el6.x86_64 #1 SMP Tue Aug 23 19:58:13 UTC 2016 x86_64,2018-04-04 15:59:10,,,Untitled document,2017-08-31 15:24:54,,,,
SO,HORMUUD,41.78.75.140,,37371,2017-08-31,2018-04-04,2018-04-04 15:17:48,FALSE,TRUE,TRUE,TRUE,TRUE,TRUE,TRUE,FALSE,Linux hormuud-remote_nsps01 2.6.32-573.7.1.el6.x86_64 #1 SMP Tue Sep 22 22:00:00 UTC 2015 x86_64,2018-04-04 15:17:48,,,Untitled document,2017-08-31 15:21:54,,,,
SO,O3b Limited,41.223.111.147,,60725,2017-08-31,2018-04-04,2017-09-07 15:29:21,FALSE,TRUE,TRUE,TRUE,TRUE,TRUE,TRUE,TRUE,Linux Golis-NS3 2.6.18-308.13.1.el5.netsw #1 SMP Mon Oct 1 09:15:16 EDT 2012 x86_64,2017-09-07 15:29:21,,,Access Denied,2017-08-31 15:13:17,,,,
US,Akamai International B.V.,104.113.55.30,,20940,2017-11-15,2018-04-04,2018-04-04 15:17:02,TRUE,FALSE,FALSE,FALSE,FALSE,FALSE,FALSE,FALSE,,,a104-113-55-30.deploy.static.akamaitechnologies.com,2017-11-15 15:13:27,,,,,,
US,Akamai International B.V.,104.89.84.127,,20940,2017-11-24,2018-04-04,2018-04-04 15:25:15,TRUE,FALSE,FALSE,FALSE,FALSE,FALSE,FALSE,FALSE,,,a104-89-84-127.deploy.static.akamaitechnologies.com,2017-11-24 11:17:04,,,,,,
US,Akamai International B.V.,104.91.193.213,,20940,2017-11-24,2018-04-04,2018-04-04 15:29:23,TRUE,FALSE,FALSE,FALSE,FALSE,FALSE,FALSE,FALSE,,,a104-91-193-213.deploy.static.akamaitechnologies.com,2017-11-24 11:14:45,,,,,,
US,Akamai International B.V.,172.226.83.6,,20940,2017-11-24,2018-04-04,2018-04-04 14:59:24,TRUE,FALSE,FALSE,FALSE,FALSE,FALSE,FALSE,FALSE,,,a172-226-83-6.deploy.static.akamaitechnologies.com,2017-11-24 10:53:37,,,,,,
US,Akamai International B.V.,23.63.201.8,,20940,2017-11-24,2018-04-04,2018-04-04 15:15:20,TRUE,FALSE,FALSE,FALSE,FALSE,FALSE,FALSE,FALSE,,,a23-63-201-8.deploy.static.akamaitechnologies.com,2017-11-24 11:22:50,,,,,,
US,Akamai International B.V.,23.79.200.129,,20940,2018-01-11,2018-04-04,2018-04-04 15:11:33,TRUE,FALSE,FALSE,FALSE,FALSE,FALSE,FALSE,FALSE,,,a23-79-200-129.deploy.static.akamaitechnologies.com,2018-01-11 16:52:53,,,,,,
US,"Akamai Technologies, Inc.",23.33.173.137,,16625,2018-01-11,2018-04-04,2018-04-04 15:48:17,TRUE,FALSE,FALSE,FALSE,FALSE,FALSE,FALSE,FALSE,,,a23-33-173-137.deploy.static.akamaitechnologies.com,2018-01-11 17:33:50,,,,,,
US,"Akamai Technologies, Inc.",23.4.14.23,,16625,2017-11-24,2018-04-04,2018-04-04 15:59:29,TRUE,FALSE,FALSE,FALSE,FALSE,FALSE,FALSE,FALSE,,,a23-4-14-23.deploy.static.akamaitechnologies.com,2017-11-24 11:30:45,,,,,,
US,"Akamai Technologies, Inc.",23.55.15.229,,16625,2018-01-11,2018-04-04,2018-04-04 15:47:17,TRUE,FALSE,FALSE,FALSE,FALSE,FALSE,FALSE,FALSE,,,a23-55-15-229.deploy.static.akamaitechnologies.com,2018-01-11 17:33:05,,,,,,
US,"Akamai Technologies, Inc.",23.9.109.139,,16625,2017-08-31,2018-04-04,2018-04-04 15:46:10,TRUE,FALSE,FALSE,FALSE,FALSE,FALSE,FALSE,FALSE,,,a23-9-109-139.deploy.static.akamaitechnologies.com,2017-08-31 15:18:06,,,,,,
US,Albany Schoharie Schenectady BOCES,163.153.219.4,,22693,2017-08-31,2018-04-04,2017-11-08 15:12:36,FALSE,TRUE,TRUE,TRUE,TRUE,TRUE,FALSE,FALSE,,,,,Access Denied,2017-08-31 15:25:55,,,,
US,"Amazon.com, Inc.",52.14.32.239,,16509,2017-10-04,2017-10-25,2017-10-25 15:11:40,FALSE,FALSE,FALSE,FALSE,FALSE,FALSE,FALSE,FALSE,,,ec2-52-14-32-239.us-east-2.compute.amazonaws.com,2017-10-04 14:52:59,,,,,,
US,"API Digital Communications Group, LLC",63.238.52.144,,14793,2017-08-31,2018-04-04,2018-04-04 15:23:05,FALSE,TRUE,TRUE,TRUE,TRUE,TRUE,TRUE,FALSE,,,nsp1-api.integrity.com,2017-08-31 15:37:20,Untitled document,2017-08-31 15:37:20,,,,
US,"API Digital Communications Group, LLC",63.238.52.149,,14793,2017-08-31,2018-04-04,2018-04-04 15:12:33,FALSE,TRUE,TRUE,TRUE,TRUE,TRUE,FALSE,FALSE,,,nslogs.integrity.com,2017-08-31 15:12:29,Access Denied,2017-08-31 15:12:29,,,,
US,"API Digital Communications Group, LLC",63.238.52.163,,14793,2017-08-31,2018-04-04,2018-04-04 15:36:26,FALSE,TRUE,TRUE,TRUE,TRUE,TRUE,TRUE,FALSE,,,nsp3.integrity.com,2017-08-31 15:22:18,Safe Internet Access: Access Denied,2017-08-31 15:22:18,,,,
US,"API Digital Communications Group, LLC",63.238.52.203,,14793,2017-08-31,2018-04-04,2017-11-15 14:55:18,FALSE,TRUE,TRUE,TRUE,FALSE,FALSE,TRUE,FALSE,,,nsintercept1.api-digital.com,2017-08-31 15:14:23,,,,,,
US,"API Digital Communications Group, LLC",63.238.52.204,,14793,2017-08-31,2018-04-04,2018-04-04 15:46:51,FALSE,TRUE,TRUE,TRUE,FALSE,FALSE,TRUE,FALSE,,,nsintercept2.api-digital.com,2017-08-31 15:25:43,,,,,,
US,"API Digital Communications Group, LLC",76.164.172.151,,14793,2017-08-31,2018-04-04,2018-04-04 14:54:17,FALSE,TRUE,TRUE,TRUE,TRUE,TRUE,FALSE,FALSE,,,,,Access Denied,2017-08-31 15:37:29,,,http://76.164.172.151,2017-08-31 15:37:29
US,"API Digital Communications Group, LLC",76.164.172.175,,14793,2017-08-31,2018-04-04,2018-04-04 15:22:04,FALSE,TRUE,TRUE,TRUE,TRUE,TRUE,FALSE,FALSE,,,,,Access Denied,2017-08-31 15:13:27,,,http://76.164.172.175,2017-08-31 15:13:27
US,Bandcon,184.25.61.154,,26769,2018-01-11,2018-04-04,2018-04-04 15:05:44,TRUE,FALSE,FALSE,FALSE,FALSE,FALSE,FALSE,FALSE,,,a184-25-61-154.deploy.static.akamaitechnologies.com,2018-01-11 16:56:31,,,,,,
US,"Broadview Networks, Inc.",64.115.98.82,,14989,2017-08-31,2018-04-04,2018-02-21 15:02:48,FALSE,TRUE,TRUE,TRUE,TRUE,TRUE,TRUE,FALSE,,,outbound.zreiss.com,2017-08-31 15:22:58,Access Denied,2017-08-31 15:22:58,,,,
US,"Choopa, LLC",108.61.242.82,,20473,2017-09-26,2018-04-04,2018-04-04 15:36:34,FALSE,FALSE,FALSE,FALSE,FALSE,FALSE,FALSE,FALSE,,,108.61.242.82.vultr.com,2017-09-26 10:56:43,,,,,,
US,"Choopa, LLC",45.32.192.215,,20473,2017-08-31,2018-04-04,2018-04-04 15:10:58,FALSE,FALSE,FALSE,FALSE,FALSE,FALSE,FALSE,FALSE,,,45.32.192.215.vultr.com,2017-08-31 15:11:10,,,,,,
US,Cloudflare Inc,104.27.134.129,geoip filled from iplocation.net,13335,2018-02-07,2018-02-14,2018-02-14 14:55:53,FALSE,FALSE,FALSE,FALSE,FALSE,FALSE,FALSE,FALSE,,,,,,,,,,
US,Cloudflare Inc,104.27.135.129,geoip filled from iplocation.net,13335,2018-02-07,2018-02-14,2018-02-14 15:42:21,FALSE,FALSE,FALSE,FALSE,FALSE,FALSE,FALSE,FALSE,,,,,,,,,,
US,Cologuard,192.157.84.232,,22418,2017-08-31,2018-04-04,2018-04-04 14:59:03,FALSE,TRUE,TRUE,TRUE,TRUE,TRUE,FALSE,FALSE,,,,,Access Denied,2017-08-31 15:10:22,,,http://192.157.84.232,2017-08-31 15:10:22
US,"DataPipe, Inc.",198.54.243.34,,22576,2017-08-31,2018-04-04,2018-04-04 15:54:48,FALSE,TRUE,TRUE,TRUE,TRUE,TRUE,FALSE,FALSE,,,,,Access Denied,2017-08-31 15:32:18,,,,
US,"Digital Ocean, Inc.",107.170.247.165,,14061,2018-04-04,2018-04-04,2018-04-04 15:09:30,FALSE,TRUE,FALSE,TRUE,TRUE,TRUE,TRUE,TRUE,Linux usacloud.netsweeper.com 2.6.32-696.23.1.el6.x86_64 #1 SMP Tue Mar 13 22:44:18 UTC 2018 x86_64,2018-04-04 15:09:30,usacloud.netsweeper.com,2018-04-04 15:09:30,Access Denied,2018-04-04 15:09:30,,,,
US,"Digital Ocean, Inc.",107.170.248.119,,14061,2018-04-04,2018-04-04,2018-04-04 14:57:33,FALSE,FALSE,FALSE,FALSE,FALSE,FALSE,FALSE,TRUE,Linux proxy1.usacloud.netsweeper.com 2.6.32-696.23.1.el6.x86_64 #1 SMP Tue Mar 13 22:44:18 UTC 2018 x86_64,2018-04-04 14:57:33,proxy1.usacloud.netsweeper.com,2018-04-04 14:57:33,,,,,,
US,Education Networks of America,96.5.126.219,,11686,2018-01-11,2018-04-04,2018-04-04 15:19:58,FALSE,FALSE,FALSE,FALSE,FALSE,FALSE,FALSE,FALSE,,,,,,,,,,
US,Education Networks of America,96.5.126.220,,11686,2018-01-11,2018-04-04,2018-04-04 14:54:10,FALSE,FALSE,FALSE,FALSE,FALSE,FALSE,FALSE,FALSE,,,,,,,,,,
US,Education Networks of America,96.5.151.66,,11686,2018-03-14,2018-04-04,2018-04-04 15:58:15,FALSE,FALSE,FALSE,FALSE,FALSE,FALSE,FALSE,FALSE,,,static-66-151-5-96.ien.ada.in.ena.net,2018-03-14 16:01:56,,,,,,
US,Fibercast Corporation,66.211.136.146,,10367,2017-08-31,2018-04-04,2018-04-04 15:35:21,FALSE,TRUE,TRUE,TRUE,TRUE,TRUE,TRUE,FALSE,Linux 146.136.211.66.inaddr.g4.net 2.6.32-642.4.2.el6.x86_64 #1 SMP Tue Aug 23 19:58:13 UTC 2016 x86_64,2018-04-04 15:35:21,146.136.211.66.inaddr.G4.NET,2017-08-31 15:25:56,Access Denied,2017-08-31 15:25:56,,,,
US,Fibercast Corporation,66.211.136.147,,10367,2017-08-31,2018-04-04,2018-04-04 15:24:34,FALSE,TRUE,TRUE,TRUE,TRUE,TRUE,TRUE,TRUE,Linux nsp1.truevine.net 2.6.18-308.1.1.el5.netsw #1 SMP Wed Mar 14 00:44:41 EDT 2012 i686,2018-04-04 15:24:34,147.136.211.66.inaddr.G4.NET,2017-08-31 15:29:05,Access Denied,2017-08-31 15:29:05,,,,
US,Fibercast Corporation,66.211.136.148,,10367,2017-08-31,2018-04-04,2018-03-28 15:47:01,FALSE,TRUE,TRUE,TRUE,TRUE,TRUE,FALSE,FALSE,Linux 148.136.211.66.inaddr.g4.net 2.6.32-642.4.2.el6.x86_64 #1 SMP Tue Aug 23 19:58:13 UTC 2016 x86_64,2018-04-04 15:49:19,148.136.211.66.inaddr.G4.NET,2017-08-31 15:15:26,Access Denied,2017-08-31 15:15:26,,,,
US,Fibercast Corporation,66.211.136.149,,10367,2017-08-31,2018-04-04,2018-04-04 15:10:58,FALSE,TRUE,TRUE,TRUE,TRUE,TRUE,FALSE,TRUE,Linux webadmin.truevine.net 2.6.18-308.1.1.el5.netsw #1 SMP Wed Mar 14 00:44:41 EDT 2012 i686,2018-04-04 15:10:58,149.136.211.66.inaddr.G4.NET,2017-08-31 15:44:12,Access Denied,2017-08-31 15:44:12,,,,
US,GTT Communications Inc.,23.194.85.101,,3257,2017-11-24,2018-04-04,2018-04-04 15:54:36,TRUE,FALSE,FALSE,FALSE,FALSE,FALSE,FALSE,FALSE,,,a23-194-85-101.deploy.static.akamaitechnologies.com,2017-11-24 11:30:21,,,,,,
US,GTT Communications Inc.,23.212.155.158,,3257,2018-01-11,2018-04-04,2018-04-04 15:28:06,TRUE,FALSE,FALSE,FALSE,FALSE,FALSE,FALSE,FALSE,,,a23-212-155-158.deploy.static.akamaitechnologies.com,2018-01-11 17:08:46,,,,,,
US,GTT Communications Inc.,23.60.64.231,,3257,2018-01-11,2018-04-04,2018-04-04 15:31:45,TRUE,FALSE,FALSE,FALSE,FALSE,FALSE,FALSE,FALSE,,,a23-60-64-231.deploy.static.akamaitechnologies.com,2018-01-11 16:58:29,,,,,,
US,"Integra Telecom, Inc.",66.182.5.46,,7385,2017-08-31,2018-04-04,2018-04-04 15:18:29,FALSE,FALSE,FALSE,FALSE,FALSE,FALSE,FALSE,FALSE,,,66-182-5-46.atgi.net,2017-08-31 15:13:10,,,,,,
US,"Lanicom, LLC",70.60.61.135,,63027,2017-09-26,2018-04-04,2018-04-04 15:15:03,FALSE,FALSE,FALSE,FALSE,FALSE,FALSE,FALSE,FALSE,,,rrcs-70-60-61-135.central.biz.rr.com,2017-09-26 11:06:06,,,,,,
US,"Linode, LLC",50.116.28.81,,63949,2017-08-31,2018-04-04,2018-04-04 15:04:27,FALSE,TRUE,TRUE,TRUE,TRUE,TRUE,FALSE,FALSE,,,ffsweeper2.familyfellowship.com,2017-08-31 15:44:04,Access Denied,2017-08-31 15:44:04,,,,
US,"NTT America, Inc.",23.41.251.38,,2914,2017-11-24,2018-04-04,2018-04-04 15:11:45,TRUE,FALSE,FALSE,FALSE,FALSE,FALSE,FALSE,FALSE,,,a23-41-251-38.deploy.static.akamaitechnologies.com,2017-11-24 11:36:00,,,,,,
US,Off Campus Telecommunications,67.214.249.125,,29933,2017-08-31,2018-04-04,2018-04-04 15:33:58,FALSE,TRUE,TRUE,FALSE,TRUE,TRUE,FALSE,FALSE,,,,,Untitled document,2017-08-31 15:27:56,filter@svacademy.org,2017-08-31 15:27:56,,
US,Rackspace Ltd.,67.192.236.187,,33070,2017-09-26,2018-04-04,2018-04-04 15:51:59,FALSE,FALSE,FALSE,FALSE,FALSE,FALSE,FALSE,FALSE,,,,,,,,,,
US,"South Central Communications, Inc.",72.12.250.19,,26253,2017-08-31,2018-04-04,2018-04-04 16:00:35,FALSE,TRUE,TRUE,TRUE,TRUE,TRUE,TRUE,TRUE,Linux pngtfilter.scinternet.net 2.6.18-308.1.1.el5.netsw #1 SMP Wed Mar 14 00:44:41 EDT 2012 i686,2018-04-04 16:00:35,pngtfilter.scinternet.net,2017-08-31 15:32:21,Access Denied,2017-08-31 15:32:21,,,,
US,Time Warner Cable Internet LLC,104.79.145.100,,7843,2017-11-24,2018-04-04,2018-04-04 15:09:55,TRUE,FALSE,FALSE,FALSE,FALSE,FALSE,FALSE,FALSE,,,a104-79-145-100.deploy.static.akamaitechnologies.com,2017-11-24 10:52:47,,,,,,
US,University of Missouri - dba the Missouri Research and Education Network (MOREnet),204.185.22.240,,2572,2017-10-25,2018-04-04,2018-04-04 15:43:29,FALSE,TRUE,FALSE,FALSE,TRUE,TRUE,FALSE,FALSE,,,,,Access Denied,2017-11-01 15:18:21,,,,
US,University of Missouri - dba the Missouri Research and Education Network (MOREnet),204.185.232.1,,2572,2017-08-31,2018-04-04,2018-04-04 15:42:06,FALSE,FALSE,FALSE,FALSE,FALSE,FALSE,FALSE,FALSE,,,,,,,,,,
US,University of Missouri - dba the Missouri Research and Education Network (MOREnet),204.185.232.171,,2572,2017-11-08,2017-11-24,2017-11-24 11:31:04,FALSE,FALSE,FALSE,FALSE,FALSE,FALSE,FALSE,FALSE,,,,,,,,,,
US,University of Missouri - dba the Missouri Research and Education Network (MOREnet),204.185.232.4,,2572,2017-08-31,2018-04-04,2018-04-04 15:52:11,FALSE,FALSE,FALSE,FALSE,FALSE,FALSE,FALSE,FALSE,,,class.tinaavalon.k12.mo.us,2017-08-31 15:19:11,,,,,,
US,University of Missouri - dba the Missouri Research and Education Network (MOREnet),204.185.63.2,,2572,2017-08-31,2018-04-04,2018-04-04 15:04:20,FALSE,TRUE,FALSE,TRUE,TRUE,TRUE,FALSE,FALSE,,,nsweb.spg.more.net,2017-08-31 15:26:24,Access Denied,2017-08-31 15:26:24,,,http://204.185.63.2,2017-08-31 15:26:24
US,University of Missouri - dba the Missouri Research and Education Network (MOREnet),204.185.63.3,,2572,2017-08-31,2018-04-04,2018-04-04 15:44:32,FALSE,TRUE,FALSE,TRUE,TRUE,TRUE,FALSE,FALSE,,,nslog.more.net,2017-08-31 15:39:16,Access Denied,2017-08-31 15:39:16,,,http://204.185.63.3,2017-08-31 15:39:16
US,University of Missouri - dba the Missouri Research and Education Network (MOREnet),204.185.63.4,,2572,2017-08-31,2018-04-04,2018-04-04 14:59:44,FALSE,TRUE,FALSE,TRUE,TRUE,TRUE,FALSE,FALSE,,,nsfilter1.spg.more.net,2017-08-31 15:22:09,Access Denied,2017-08-31 15:22:09,,,http://204.185.63.4,2017-08-31 15:22:09
US,University of Missouri - dba the Missouri Research and Education Network (MOREnet),204.185.63.5,,2572,2017-08-31,2018-04-04,2018-04-04 14:57:11,FALSE,TRUE,FALSE,TRUE,TRUE,TRUE,FALSE,FALSE,,,nsfilter2.spg.more.net,2017-08-31 15:44:11,Access Denied,2017-08-31 15:44:11,,,http://204.185.63.5,2017-08-31 15:44:11
US,University of Missouri - dba the Missouri Research and Education Network (MOREnet),204.185.63.6,,2572,2017-08-31,2018-04-04,2018-04-04 14:52:07,FALSE,TRUE,FALSE,TRUE,TRUE,TRUE,FALSE,FALSE,,,nsfilter3.spg.more.net,2017-08-31 15:36:42,Access Denied,2017-08-31 15:36:42,,,http://204.185.63.6,2017-08-31 15:36:42
US,University of Missouri - dba the Missouri Research and Education Network (MOREnet),204.185.63.7,,2572,2017-08-31,2018-04-04,2018-04-04 15:27:43,FALSE,TRUE,FALSE,TRUE,TRUE,TRUE,FALSE,FALSE,,,nsdeny.spg.more.net,2017-08-31 15:26:37,Access Denied,2017-08-31 15:26:37,,,http://filter.more.net,2017-08-31 15:26:37
US,University of Missouri - dba the Missouri Research and Education Network (MOREnet),204.185.63.8,,2572,2017-08-31,2018-04-04,2018-04-04 15:26:50,FALSE,TRUE,FALSE,TRUE,TRUE,TRUE,FALSE,FALSE,,,nsdns1.more.net,2017-08-31 15:24:30,Access Denied,2017-08-31 15:24:30,,,http://204.185.63.8,2017-08-31 15:24:30
US,University of Missouri - dba the Missouri Research and Education Network (MOREnet),204.185.63.9,,2572,2017-08-31,2018-04-04,2018-04-04 15:09:11,FALSE,TRUE,FALSE,TRUE,TRUE,TRUE,TRUE,FALSE,Linux nsdns2.more.net 2.6.32-696.3.2.el6.x86_64 #1 SMP Tue Jun 20 01:26:55 UTC 2017 x86_64,2018-04-04 15:09:11,nsdns2.more.net,2017-08-31 15:43:47,Access Denied,2017-08-31 15:43:47,,,http://204.185.63.9,2017-08-31 15:43:47
US,University of Missouri - dba the Missouri Research and Education Network (MOREnet),207.160.14.250,,2572,2017-08-31,2018-04-04,2018-04-04 16:00:38,FALSE,TRUE,TRUE,TRUE,TRUE,TRUE,TRUE,FALSE,Linux sc-ns.scschools.local 2.6.32-642.4.2.el6.x86_64 #1 SMP Tue Aug 23 19:58:13 UTC 2016 x86_64,2018-04-04 16:00:38,,,Access Denied,2017-08-31 15:45:49,,,,
US,University of Missouri - dba the Missouri Research and Education Network (MOREnet),207.160.3.167,,2572,2017-11-28,2018-02-21,2018-02-21 15:42:24,FALSE,FALSE,FALSE,FALSE,FALSE,FALSE,FALSE,FALSE,Linux ns167.nc.more.net 2.6.32-642.4.2.el6.x86_64 #1 SMP Tue Aug 23 19:58:13 UTC 2016 x86_64,2018-02-21 15:42:24,,,,,,,,
US,University of Missouri - dba the Missouri Research and Education Network (MOREnet),207.160.3.17,,2572,2017-08-31,2018-04-04,2018-04-04 14:57:58,FALSE,TRUE,FALSE,TRUE,TRUE,TRUE,TRUE,FALSE,Linux cubs.spg.more.net 2.6.32-696.20.1.el6.x86_64 #1 SMP Fri Jan 26 17:51:45 UTC 2018 x86_64,2018-04-04 14:57:58,,,Access Denied,2017-08-31 15:28:19,,,https://207.160.3.17,2017-08-31 15:28:19
US,University of Nebraska Central Administration,204.234.75.134,,11714,2017-08-31,2018-04-04,2018-04-04 15:44:52,FALSE,TRUE,TRUE,TRUE,TRUE,TRUE,FALSE,FALSE,,,filter5.esu9.org,2017-08-31 15:23:45,Access Denied,2017-08-31 15:23:45,,,,
US,University of Nebraska Central Administration,204.234.79.241,,11714,2017-08-31,2018-04-04,2018-04-04 15:30:18,TRUE,TRUE,TRUE,TRUE,TRUE,TRUE,FALSE,FALSE,,,filter.esu9.org,2017-08-31 15:14:57,This site has been filtered,2017-08-31 15:14:57,helpdesk@esu9.org,2017-08-31 15:14:57,,
US,West Virginia Network for Educational Telecomputing,129.71.2.72,,7925,2017-11-28,2018-04-04,2018-04-04 14:57:44,TRUE,FALSE,FALSE,FALSE,FALSE,FALSE,FALSE,FALSE,,,wvde-2nd-nic.k12.wv.us,2017-11-28 12:06:08,,,,,,
US,West Virginia Network for Educational Telecomputing,168.216.24.254,,7925,2017-08-31,2018-04-04,2018-04-04 15:31:58,FALSE,TRUE,TRUE,TRUE,TRUE,TRUE,FALSE,FALSE,,,aup.k12.wv.us,2017-08-31 15:23:13,,,filtering@access.k12.wv.us,2017-08-31 15:23:13,,
US,West Virginia Network for Educational Telecomputing,168.216.250.224,,7925,2017-08-31,2018-03-21,2018-03-14 15:40:24,FALSE,TRUE,TRUE,TRUE,TRUE,TRUE,FALSE,FALSE,,,,,,,filtering@access.k12.wv.us,2017-08-31 15:45:23,,
US,Windstream Communications Inc,216.23.8.23,,7029,2017-08-31,2018-04-04,2017-10-11 15:14:12,FALSE,TRUE,TRUE,FALSE,TRUE,TRUE,FALSE,FALSE,,,mail.cincinnatifan.com,2017-08-31 15:38:54,Access Denied,2017-08-31 15:38:54,helpdesk@micds.org,2017-08-31 15:38:54,,
US,XO Communications,104.96.55.146,,2828,2017-11-24,2018-04-04,2018-04-04 15:24:33,TRUE,FALSE,FALSE,FALSE,FALSE,FALSE,FALSE,FALSE,,,a104-96-55-146.deploy.static.akamaitechnologies.com,2017-11-24 10:50:09,,,,,,
US,Zayo Bandwidth Inc,23.35.22.72,,6461,2018-01-11,2018-04-04,2018-04-04 15:14:21,TRUE,FALSE,FALSE,FALSE,FALSE,FALSE,FALSE,FALSE,,,a23-35-22-72.deploy.static.akamaitechnologies.com,2018-01-11 16:57:00,,,,,,
YE,Public Telecommunication Corporation,82.114.160.102,,30873,2017-08-31,2018-04-04,2018-04-04 14:59:33,FALSE,TRUE,FALSE,FALSE,FALSE,FALSE,FALSE,FALSE,,,,,,,,,,
YE,Public Telecommunication Corporation,82.114.160.103,,30873,2017-08-31,2018-04-04,2018-04-04 15:36:16,FALSE,TRUE,FALSE,FALSE,FALSE,FALSE,FALSE,FALSE,,,,,,,,,,
YE,Public Telecommunication Corporation,82.114.160.104,,30873,2017-08-31,2018-04-04,2018-04-04 15:20:29,FALSE,TRUE,FALSE,FALSE,FALSE,FALSE,FALSE,FALSE,,,,,,,,,,
YE,Public Telecommunication Corporation,82.114.160.93,,30873,2017-08-31,2018-04-04,2018-03-14 15:48:55,FALSE,TRUE,TRUE,TRUE,TRUE,TRUE,TRUE,FALSE,,,,,Access Denied,2017-08-31 15:19:31,,,,
YE,Public Telecommunication Corporation,82.114.160.94,,30873,2017-08-31,2018-04-04,2018-02-14 15:05:03,TRUE,TRUE,TRUE,FALSE,TRUE,TRUE,TRUE,FALSE,,,,,Untitled document,2017-08-31 15:12:21,safenet@yemen.net.ye,2017-08-31 15:12:21,,
YE,Public Telecommunication Corporation,82.114.160.98,,30873,2018-01-11,2018-04-04,2018-04-04 15:27:54,FALSE,TRUE,TRUE,TRUE,TRUE,TRUE,FALSE,FALSE,,,,,Access Denied,2018-01-11 17:02:10,,,,
ZA,HORMUUD,41.78.73.113,,37371,2017-08-31,2018-04-04,2018-04-04 15:06:04,FALSE,TRUE,TRUE,TRUE,TRUE,TRUE,FALSE,FALSE,Linux hormuud_ps02 2.6.32-642.4.2.el6.x86_64 #1 SMP Tue Aug 23 19:58:13 UTC 2016 x86_64,2018-04-04 15:06:04,,,Access Denied,2017-08-31 15:27:00,,,,
ZA,Webstorm,41.78.244.43,,327987,2017-08-31,2018-04-04,2018-04-04 15:34:10,FALSE,FALSE,FALSE,TRUE,TRUE,TRUE,TRUE,FALSE,,,,,Access Denied,2017-08-31 15:37:59,,,,